Genus,Species,Subspecies,Collection,Collection Name,Catalog,Locality,Locality2,Country,Sex,Age,Right.wing.chord,Tail.length,Culmen.length,Bill.depth..base.of.feathers.on.mandible.,Bill.width..base.of.feathers.on.maxilla.,Left.Tarsus,Notes / Existing Damage Precluding Measurements
Cinnyris,reichenowi,parvirostris,AMNH,American Museum of Natural History,688996,Moka,Bioko,Equatorial Guinea,Female,Adult,54,33,16.06,2.79,4.58,13.26,
Cinnyris,reichenowi,parvirostris,AMNH,American Museum of Natural History,688996,Moka,Bioko,Equatorial Guinea,Female,Adult,54,33,16.06,2.79,4.58,13.26,
Cinnyris,reichenowi,parvirostris,AMNH,American Museum of Natural History,688995,Moka,Bioko,Equatorial Guinea,Male,Adult,61,43,15.53,2.93,4.69,13.85,
Cinnyris,reichenowi,parvirostris,AMNH,American Museum of Natural History,688995,Moka,Bioko,Equatorial Guinea,Male,Adult,61,43,15.53,2.93,4.69,13.85,
Cinnyris,reichenowi,preussi,AMNH,American Museum of Natural History,415694,Nkongsamba,Mt Manengouba,Cameroon,Female,Adult,51,39,15.83,3.51,4.54,12.19,
Cinnyris,reichenowi,preussi,AMNH,American Museum of Natural History,415694,Nkongsamba,Mt Manengouba,Cameroon,Female,Adult,51,39,15.83,3.51,4.54,12.19,
Cinnyris,reichenowi,preussi,AMNH,American Museum of Natural History,415795,Dschang,Bamenda Highlands,Cameroon,Female,Adult,52,36,16.95,2.97,4.78,12.26,
Cinnyris,reichenowi,preussi,AMNH,American Museum of Natural History,415795,Dschang,Bamenda Highlands,Cameroon,Female,Adult,52,36,16.95,2.97,4.78,12.26,
Cinnyris,reichenowi,preussi,AMNH,American Museum of Natural History,415796,Bafang,Bamenda Highlands,Cameroon,Female,Adult,53,39,15.25,2.71,4.17,11.6,
Cinnyris,reichenowi,preussi,AMNH,American Museum of Natural History,415796,Bafang,Bamenda Highlands,Cameroon,Female,Adult,53,39,15.25,2.71,4.17,11.6,Right Leg
Cinnyris,reichenowi,preussi,AMNH,American Museum of Natural History,688999,Kumbo,Bamenda Highlands,Cameroon,Female,Adult,54,39,15.18,3.26,4.26,11.69,preussi based on location
Cinnyris,reichenowi,preussi,AMNH,American Museum of Natural History,415792,Dschang,Bamenda Highlands,Cameroon,Male,Adult,57,45,15.96,2.9,4.33,13.8,
Cinnyris,reichenowi,preussi,AMNH,American Museum of Natural History,415792,Dschang,Bamenda Highlands,Cameroon,Male,Adult,57,45,15.96,2.9,4.33,13.8,
Cinnyris,reichenowi,preussi,AMNH,American Museum of Natural History,415793,Bafang,Bamenda Highlands,Cameroon,Male,Adult,55,45,16.52,2.64,4.66,12.31,
Cinnyris,reichenowi,preussi,AMNH,American Museum of Natural History,415793,Bafang,Bamenda Highlands,Cameroon,Male,Adult,55,45,16.52,2.64,4.66,12.31,
Cinnyris,reichenowi,preussi,AMNH,American Museum of Natural History,428564,Mt. Cameroon,Mt Cameroon,Cameroon,Male,Adult,59,44,18.56,3.23,5.47,13.64,
Cinnyris,reichenowi,preussi,AMNH,American Museum of Natural History,428564,Mt. Cameroon,Mt Cameroon,Cameroon,Male,Adult,59,44,18.56,3.23,5.47,13.64,
Cinnyris,reichenowi,preussi,AMNH,American Museum of Natural History,688997,Bamenda,Bamenda Highlands,Cameroon,Male,Adult,60,39,16.2,2.93,4.42,10.62,
Cinnyris,reichenowi,preussi,AMNH,American Museum of Natural History,688997,Bamenda,Bamenda Highlands,Cameroon,Male,Adult,60,39,16.2,2.93,4.42,10.62,
Cinnyris,reichenowi,preussi,AMNH,American Museum of Natural History,688998,Between Bamenda and Kumbo,Bamenda Highlands,Cameroon,Male,Adult,55,37,17.93,2.96,4.78,12.93,preussi based on location
Cinnyris,reichenowi,preussi,AMNH,American Museum of Natural History,689000,Banso Mts.,Bamenda Highlands,Cameroon,Male,Adult,58,45,16.83,3.28,4.82,10.9,
Cinnyris,reichenowi,preussi,AMNH,American Museum of Natural History,689000,Banso Mts.,Bamenda Highlands,Cameroon,Male,Adult,58,45,16.83,3.28,4.82,10.9,
Cinnyris,reichenowi,preussi,AMNH,American Museum of Natural History,689001,Banso Mts.,Bamenda Highlands,Cameroon,Male,Adult,60,48,17.59,3.23,5.05,11.63,
Cinnyris,reichenowi,preussi,AMNH,American Museum of Natural History,689001,Banso Mts.,Bamenda Highlands,Cameroon,Male,Adult,60,48,17.59,3.23,5.05,11.63,
Cinnyris,reichenowi,reichenowi,AMNH,American Museum of Natural History,263868,Rwenzori Mts.,Rwenzori Mts,DRC,Female,Adult,49,34,14,2.86,4.62,11.49,
Cinnyris,reichenowi,reichenowi,AMNH,American Museum of Natural History,263868,Rwenzori Mts.,Rwenzori Mts,DRC,Female,Adult,49,34,14,2.86,4.62,11.49,
Cinnyris,reichenowi,reichenowi,AMNH,American Museum of Natural History,688971,Baraka,Itombwe,DRC,Female,Adult,50,37,12.69,2.5,4.19,11.79,
Cinnyris,reichenowi,reichenowi,AMNH,American Museum of Natural History,688971,Baraka,Itombwe,DRC,Female,Adult,50,37,12.69,2.5,4.19,11.79,
Cinnyris,reichenowi,reichenowi,AMNH,American Museum of Natural History,688973,Baraka,Itombwe,DRC,Female,Adult,49,37,13.41,3.19,4.69,10.2,
Cinnyris,reichenowi,reichenowi,AMNH,American Museum of Natural History,688973,Baraka,Itombwe,DRC,Female,Adult,49,37,13.41,3.19,4.69,10.2,
Cinnyris,reichenowi,reichenowi,AMNH,American Museum of Natural History,688980,Idjwa Island,Idjwa Island,DRC,Female,Adult,51,37,12.77,3.03,4.4,9.31,
Cinnyris,reichenowi,reichenowi,AMNH,American Museum of Natural History,688980,Idjwa Island,Idjwa Island,DRC,Female,Adult,51,37,12.77,3.03,4.4,9.31,
Cinnyris,reichenowi,reichenowi,AMNH,American Museum of Natural History,764999,Tshibati,Tshibati,DRC,Female,Adult,51,37,12.73,3,4.24,10.91,
Cinnyris,reichenowi,reichenowi,AMNH,American Museum of Natural History,764999,Tshibati,Tshibati,DRC,Female,Adult,51,37,12.73,3,4.24,10.91,
Cinnyris,reichenowi,reichenowi,AMNH,American Museum of Natural History,765000,Tshibati,Tshibati,DRC,Female,Adult,51,37,13.78,2.91,3.56,11.66,
Cinnyris,reichenowi,reichenowi,AMNH,American Museum of Natural History,765000,Tshibati,Tshibati,DRC,Female,Adult,51,37,13.78,2.91,3.56,11.66,
Cinnyris,reichenowi,reichenowi,AMNH,American Museum of Natural History,765001,Tshibati,Tshibati,DRC,Female,Adult,50,32,14.1,2.49,4.48,13.41,
Cinnyris,reichenowi,reichenowi,AMNH,American Museum of Natural History,765001,Tshibati,Tshibati,DRC,Female,Adult,50,32,14.1,2.49,4.48,13.41,
Cinnyris,reichenowi,reichenowi,AMNH,American Museum of Natural History,765002,Tshibati,Tshibati,DRC,Female,Adult,51,31,13.61,2.76,4.02,12.47,
Cinnyris,reichenowi,reichenowi,AMNH,American Museum of Natural History,765002,Tshibati,Tshibati,DRC,Female,Adult,51,31,13.61,2.76,4.02,12.47,
Cinnyris,reichenowi,reichenowi,AMNH,American Museum of Natural History,765003,Tshibati,Tshibati,DRC,Female,Adult,51,34,12.35,2.85,4.05,11.86,
Cinnyris,reichenowi,reichenowi,AMNH,American Museum of Natural History,765003,Tshibati,Tshibati,DRC,Female,Adult,51,34,12.35,2.85,4.05,11.86,
Cinnyris,reichenowi,reichenowi,AMNH,American Museum of Natural History,827227,Kakamega,Kakamega,Kenya,Female,Adult,45,30,11.95,2.36,4.03,9.08,
Cinnyris,reichenowi,reichenowi,AMNH,American Museum of Natural History,827227,Kakamega,Kakamega,Kenya,Female,Adult,45,30,11.95,2.36,4.03,9.08,
Cinnyris,reichenowi,reichenowi,AMNH,American Museum of Natural History,827372,Cherangami Mts.,Cherangani Hills,Kenya,Female,Adult,50,36,13.13,3,3.75,11.11,
Cinnyris,reichenowi,reichenowi,AMNH,American Museum of Natural History,827372,Cherangami Mts.,Cherangani Hills,Kenya,Female,Adult,50,36,13.13,3,3.75,11.11,
Cinnyris,reichenowi,reichenowi,AMNH,American Museum of Natural History,827373,Cherangami Mts.,Cherangani Hills,Kenya,Female,Adult,48,34,12.66,2.4,3.77,10.49,
Cinnyris,reichenowi,reichenowi,AMNH,American Museum of Natural History,827373,Cherangami Mts.,Cherangani Hills,Kenya,Female,Adult,48,34,12.66,2.4,3.77,10.49,
Cinnyris,reichenowi,reichenowi,AMNH,American Museum of Natural History,827375,Cherangami Mts.,Cherangani Hills,Kenya,Female,Adult,49,34,14.26,2.72,3.95,11.23,
Cinnyris,reichenowi,reichenowi,AMNH,American Museum of Natural History,827375,Cherangami Mts.,Cherangani Hills,Kenya,Female,Adult,49,34,14.26,2.72,3.95,11.23,
Cinnyris,reichenowi,reichenowi,AMNH,American Museum of Natural History,6888987,Mbale,Mbale,Uganda,Female,Adult,53,35,13.76,3.03,3.97,11.79,
Cinnyris,reichenowi,reichenowi,AMNH,American Museum of Natural History,6888987,Mbale,Mbale,Uganda,Female,Adult,53,35,13.76,3.03,3.97,11.79,
Cinnyris,reichenowi,reichenowi,AMNH,American Museum of Natural History,263863,W of Lake Albert,W of Lake Albert,DRC,Male,Adult,56,41,15.03,3.03,4.6,12.93,
Cinnyris,reichenowi,reichenowi,AMNH,American Museum of Natural History,263863,W of Lake Albert,W of Lake Albert,DRC,Male,Adult,56,41,15.03,3.03,4.6,12.93,
Cinnyris,reichenowi,reichenowi,AMNH,American Museum of Natural History,263865,W of Lake Albert,W of Lake Albert,DRC,Male,Adult,51,37,14,3.24,4.36,12.08,
Cinnyris,reichenowi,reichenowi,AMNH,American Museum of Natural History,263865,W of Lake Albert,W of Lake Albert,DRC,Male,Adult,51,37,14,3.24,4.36,12.08,
Cinnyris,reichenowi,reichenowi,AMNH,American Museum of Natural History,263866,Rwenzori Mts.,Rwenzori Mts,DRC,Male,Adult,55,41,14.26,3.01,4.52,11.57,
Cinnyris,reichenowi,reichenowi,AMNH,American Museum of Natural History,263866,Rwenzori Mts.,Rwenzori Mts,DRC,Male,Adult,55,41,14.26,3.01,4.52,11.57,
Cinnyris,reichenowi,reichenowi,AMNH,American Museum of Natural History,263867,Rwenzori Mts.,Rwenzori Mts,DRC,Male,Adult,54,45,13.53,3.11,4.62,12.14,
Cinnyris,reichenowi,reichenowi,AMNH,American Museum of Natural History,263867,Rwenzori Mts.,Rwenzori Mts,DRC,Male,Adult,54,45,13.53,3.11,4.62,12.14,
Cinnyris,reichenowi,reichenowi,AMNH,American Museum of Natural History,688968,Baraka,Itombwe,DRC,Male,Adult,56,42,13.92,3.29,4.34,11.29,
Cinnyris,reichenowi,reichenowi,AMNH,American Museum of Natural History,688968,Baraka,Itombwe,DRC,Male,Adult,56,42,13.92,3.29,4.34,11.29,
Cinnyris,reichenowi,reichenowi,AMNH,American Museum of Natural History,688969,Baraka,Itombwe,DRC,Male,Adult,60,45,15.66,3.15,4.64,12.3,
Cinnyris,reichenowi,reichenowi,AMNH,American Museum of Natural History,688969,Baraka,Itombwe,DRC,Male,Adult,60,45,15.66,3.15,4.64,12.3,
Cinnyris,reichenowi,reichenowi,AMNH,American Museum of Natural History,688972,Baraka,Itombwe,DRC,Male,Adult,55,50,14.53,2.83,4.24,10.54,
Cinnyris,reichenowi,reichenowi,AMNH,American Museum of Natural History,688972,Baraka,Itombwe,DRC,Male,Adult,55,50,14.53,2.83,4.24,10.54,
Cinnyris,reichenowi,reichenowi,AMNH,American Museum of Natural History,688984,Rwenzori Mts.,Rwenzori Mts,DRC,Male,Adult,51,38,16.31,2.98,4.59,11.17,
Cinnyris,reichenowi,reichenowi,AMNH,American Museum of Natural History,688984,Rwenzori Mts.,Rwenzori Mts,DRC,Male,Adult,51,38,16.31,2.98,4.59,11.17,
Cinnyris,reichenowi,reichenowi,AMNH,American Museum of Natural History,688985,Rwenzori Mts.,Rwenzori Mts,DRC,Male,Adult,54,39,16.49,3.08,4.49,10.95,
Cinnyris,reichenowi,reichenowi,AMNH,American Museum of Natural History,688985,Rwenzori Mts.,Rwenzori Mts,DRC,Male,Adult,54,39,16.49,3.08,4.49,10.95,
Cinnyris,reichenowi,reichenowi,AMNH,American Museum of Natural History,764988,Tshibati,Tshibati,DRC,Male,Adult,53,44,15.61,3.08,4.77,12.59,
Cinnyris,reichenowi,reichenowi,AMNH,American Museum of Natural History,764988,Tshibati,Tshibati,DRC,Male,Adult,53,44,15.61,3.08,4.77,12.59,
Cinnyris,reichenowi,reichenowi,AMNH,American Museum of Natural History,764989,Tshibati,Tshibati,DRC,Male,Adult,54,37,14.18,3.1,4.45,11.66,
Cinnyris,reichenowi,reichenowi,AMNH,American Museum of Natural History,764989,Tshibati,Tshibati,DRC,Male,Adult,54,37,14.18,3.1,4.45,11.66,
Cinnyris,reichenowi,reichenowi,AMNH,American Museum of Natural History,764990,Tshibati,Tshibati,DRC,Male,Adult,56,43,13.46,2.96,4.2,10.83,
Cinnyris,reichenowi,reichenowi,AMNH,American Museum of Natural History,764990,Tshibati,Tshibati,DRC,Male,Adult,56,43,13.46,2.96,4.2,10.83,
Cinnyris,reichenowi,reichenowi,AMNH,American Museum of Natural History,764991,Mt. Kahuzi,Kivu Highlands,DRC,Male,Adult,53,39,14.58,2.95,4.35,13.52,
Cinnyris,reichenowi,reichenowi,AMNH,American Museum of Natural History,764991,Mt. Kahuzi,Kivu Highlands,DRC,Male,Adult,53,39,14.58,2.95,4.35,13.52,
Cinnyris,reichenowi,reichenowi,AMNH,American Museum of Natural History,764992,Tshibati,Tshibati,DRC,Male,Adult,54,39,13.83,2.78,4.34,10.68,
Cinnyris,reichenowi,reichenowi,AMNH,American Museum of Natural History,764992,Tshibati,Tshibati,DRC,Male,Adult,54,39,13.83,2.78,4.34,10.68,
Cinnyris,reichenowi,reichenowi,AMNH,American Museum of Natural History,764993,Tshibati,Tshibati,DRC,Male,Adult,55,42,13.26,2.66,4.72,11.89,
Cinnyris,reichenowi,reichenowi,AMNH,American Museum of Natural History,764993,Tshibati,Tshibati,DRC,Male,Adult,55,42,13.26,2.66,4.72,11.89,
Cinnyris,reichenowi,reichenowi,AMNH,American Museum of Natural History,764994,Tshibati,Tshibati,DRC,Male,Adult,53,41,14.49,2.68,4.65,11.14,
Cinnyris,reichenowi,reichenowi,AMNH,American Museum of Natural History,764994,Tshibati,Tshibati,DRC,Male,Adult,53,41,14.49,2.68,4.65,11.14,
Cinnyris,reichenowi,reichenowi,AMNH,American Museum of Natural History,764995,Tshibati,Tshibati,DRC,Male,Adult,54,42,13.76,2.95,4.31,11.96,
Cinnyris,reichenowi,reichenowi,AMNH,American Museum of Natural History,764995,Tshibati,Tshibati,DRC,Male,Adult,54,42,13.76,2.95,4.31,11.96,
Cinnyris,reichenowi,reichenowi,AMNH,American Museum of Natural History,764996,Tshibati,Tshibati,DRC,Male,Adult,54,41,13.63,2.91,4.06,11.62,
Cinnyris,reichenowi,reichenowi,AMNH,American Museum of Natural History,764996,Tshibati,Tshibati,DRC,Male,Adult,54,41,13.63,2.91,4.06,11.62,
Cinnyris,reichenowi,reichenowi,AMNH,American Museum of Natural History,764997,Lwiro,Lwiro,DRC,Male,Adult,57,40,15.55,2.69,4.29,11.68,
Cinnyris,reichenowi,reichenowi,AMNH,American Museum of Natural History,764997,Lwiro,Lwiro,DRC,Male,Adult,57,40,15.55,2.69,4.29,11.68,
Cinnyris,reichenowi,reichenowi,AMNH,American Museum of Natural History,764998,Tshibati,Tshibati,DRC,Male,Adult,50,38,14.05,2.7,4.95,12.09,
Cinnyris,reichenowi,reichenowi,AMNH,American Museum of Natural History,764998,Tshibati,Tshibati,DRC,Male,Adult,50,38,14.05,2.7,4.95,12.09,
Cinnyris,reichenowi,reichenowi,AMNH,American Museum of Natural History,6888970,Baraka,Itombwe,DRC,Male,Adult,55,35,15.07,3.01,3.6,10.48,
Cinnyris,reichenowi,reichenowi,AMNH,American Museum of Natural History,6888970,Baraka,Itombwe,DRC,Male,Adult,55,35,15.07,3.01,3.6,10.48,
Cinnyris,reichenowi,reichenowi,AMNH,American Museum of Natural History,209805,Mt. Meru,Mt Meru,Kenya,Male,Adult,57,41,13.79,2.68,4.23,11.66,
Cinnyris,reichenowi,reichenowi,AMNH,American Museum of Natural History,209805,Mt. Meru,Mt Meru,Kenya,Male,Adult,57,41,13.79,2.68,4.23,11.66,
Cinnyris,reichenowi,reichenowi,AMNH,American Museum of Natural History,263861,Mt. Kenya,Mt Kenya,Kenya,Male,Adult,53,40,13.53,2.96,4.48,12.54,
Cinnyris,reichenowi,reichenowi,AMNH,American Museum of Natural History,263861,Mt. Kenya,Mt Kenya,Kenya,Male,Adult,53,40,13.53,2.96,4.48,12.54,
Cinnyris,reichenowi,reichenowi,AMNH,American Museum of Natural History,688952,Mt. Meru,Mt Meru,Kenya,Male,Adult,53,37,14.48,2.79,4.53,12.91,
Cinnyris,reichenowi,reichenowi,AMNH,American Museum of Natural History,688952,Mt. Meru,Mt Meru,Kenya,Male,Adult,53,37,14.48,2.79,4.53,12.91,
Cinnyris,reichenowi,reichenowi,AMNH,American Museum of Natural History,688992,Marakweta,Marakweta,Kenya,Male,Adult,53,39,15.34,3.02,4.34,11.68,
Cinnyris,reichenowi,reichenowi,AMNH,American Museum of Natural History,688992,Marakweta,Marakweta,Kenya,Male,Adult,53,39,15.34,3.02,4.34,11.68,
Cinnyris,reichenowi,reichenowi,AMNH,American Museum of Natural History,800358,Mt. Meru,Mt Meru,Kenya,Male,Adult,54,40,14.58,3.09,4.38,12.77,
Cinnyris,reichenowi,reichenowi,AMNH,American Museum of Natural History,800358,Mt. Meru,Mt Meru,Kenya,Male,Adult,54,40,14.58,3.09,4.38,12.77,
Cinnyris,reichenowi,reichenowi,AMNH,American Museum of Natural History,800359,Mt. Kenya,Mt Kenya,Kenya,Male,Adult,49,37,13.76,2.89,4.28,11.85,
Cinnyris,reichenowi,reichenowi,AMNH,American Museum of Natural History,800359,Mt. Kenya,Mt Kenya,Kenya,Male,Adult,49,37,13.76,2.89,4.28,11.85,
Cinnyris,reichenowi,reichenowi,AMNH,American Museum of Natural History,827223,Cherangami Mts.,Cherangani Hills,Kenya,Male,Adult,53,43,,2.91,3.55,11.54,
Cinnyris,reichenowi,reichenowi,AMNH,American Museum of Natural History,827223,Cherangami Mts.,Cherangani Hills,Kenya,Male,Adult,53,43,,2.91,3.55,11.54,
Cinnyris,reichenowi,reichenowi,AMNH,American Museum of Natural History,827224,Cherangami Mts.,Cherangani Hills,Kenya,Male,Adult,51,42,15.19,2.93,3.91,12.22,
Cinnyris,reichenowi,reichenowi,AMNH,American Museum of Natural History,827224,Cherangami Mts.,Cherangani Hills,Kenya,Male,Adult,51,42,15.19,2.93,3.91,12.22,
Cinnyris,reichenowi,reichenowi,AMNH,American Museum of Natural History,688978,Rugege,Nyungwe,Rwanda,Male,Adult,55,39,14.1,3.19,4.42,10.97,
Cinnyris,reichenowi,reichenowi,AMNH,American Museum of Natural History,688978,Rugege,Nyungwe,Rwanda,Male,Adult,55,39,14.1,3.19,4.42,10.97,
Cinnyris,reichenowi,reichenowi,AMNH,American Museum of Natural History,268341,Ngorongoro Crater,Ngorongoro,Tanzania,Male,Adult,52,43,,2.83,4.59,12.85,
Cinnyris,reichenowi,reichenowi,AMNH,American Museum of Natural History,268341,Ngorongoro Crater,Ngorongoro,Tanzania,Male,Adult,52,43,,2.83,4.59,12.85,Unable to measure bill
Cinnyris,reichenowi,reichenowi,AMNH,American Museum of Natural History,688994,Buguera,Buguera,Uganda,Male,Adult,56,40,15.31,2.75,4.26,12.98,
Cinnyris,reichenowi,reichenowi,AMNH,American Museum of Natural History,688994,Buguera,Buguera,Uganda,Male,Adult,56,40,15.31,2.75,4.26,12.98,
Cinnyris,reichenowi,reichenowi,AMNH,American Museum of Natural History,827225,Impenetrable Forest,Bwindi,Uganda,Male,Adult,53,40,14.7,2.57,4.12,13.84,
Cinnyris,reichenowi,reichenowi,AMNH,American Museum of Natural History,827225,Impenetrable Forest,Bwindi,Uganda,Male,Adult,53,40,14.7,2.57,4.12,13.84,Right leg
Cinnyris,reichenowi,reichenowi,AMNH,American Museum of Natural History,827226,Impenetrable Forest,Bwindi,Uganda,Male,Adult,53,38,12.29,3.07,3.34,12.76,
Cinnyris,reichenowi,reichenowi,AMNH,American Museum of Natural History,827226,Impenetrable Forest,Bwindi,Uganda,Male,Adult,53,38,12.29,3.07,3.34,12.76,
Cinnyris,reichenowi,preussi,CM,Carnegie Museum,118562,Bafang,Bamenda Highlands,Cameroon,Female,Adult,53,31,16.51,3.22,4.88,12.85,
Cinnyris,reichenowi,preussi,CM,Carnegie Museum,118184,Epako (Mt. Nlonako?),Mt Manengouba,Cameroon,Male,Adult,55,33,15.92,2.77,4.79,,Unable to measure legs
Cinnyris,reichenowi,preussi,CM,Carnegie Museum,118558,Bafang,Bamenda Highlands,Cameroon,Male,Adult,61,36,,2.69,4.98,14.31,Unable to measure bill
Cinnyris,reichenowi,reichenowi,CM,Carnegie Museum,139823,Kapengaria;Cherangani Mts.,Cherangani Hills,Kenya,Female,Adult,50,36,12.85,2.75,3.9,11.41,
Cinnyris,reichenowi,reichenowi,CM,Carnegie Museum,145815,Mufaga Forest;Kezizi,Kezizi,Kenya,Female,Adult,49,32,13.34,2.77,4.06,12.75,
Cinnyris,reichenowi,reichenowi,CM,Carnegie Museum,145816,Mufaga Forest;Kezizi,Kezizi,Kenya,Female,Adult,51,33,,,,13.62,
Cinnyris,reichenowi,reichenowi,CM,Carnegie Museum,145817,Mufaga Forest;Kezizi,Kezizi,Kenya,Female,Adult,51,33,12.64,2.67,4.38,10.57,
Cinnyris,reichenowi,reichenowi,CM,Carnegie Museum,147455,Mt. Kenya; Kagati,Mt Kenya,Kenya,Female,Adult,48,34,,,,,Unable to measure bill
Cinnyris,reichenowi,reichenowi,CM,Carnegie Museum,145968,Kayonza Forest; Kigezi,Kigezi,Uganda,Female,Adult,50,35,14.18,,4.43,13.77,Slight bill damage; right leg measured
Cinnyris,reichenowi,reichenowi,CM,Carnegie Museum,146100,Kayonza Forest; Kigezi,Kigezi,Uganda,Female,Adult,49,31,14,3,4.92,12.88,
Cinnyris,reichenowi,reichenowi,CM,Carnegie Museum,139779,Kapengaria;Cherangani Mts.,Cherangani Hills,Kenya,Male,Adult,55,44,14.63,3.21,4.32,14.04,
Cinnyris,reichenowi,reichenowi,CM,Carnegie Museum,139819,Kapengaria;Cherangani Mts.,Cherangani Hills,Kenya,Male,Adult,54,41,15.79,,4.2,13.02,Bill fixed open
Cinnyris,reichenowi,reichenowi,CM,Carnegie Museum,145115,Kakamega Forest,Kakamega,Kenya,Male,Adult,54,38,14.44,3.06,4.64,12.94,
Cinnyris,reichenowi,reichenowi,CM,Carnegie Museum,145818,Mufaga Forest;Kezizi,Kezizi,Kenya,Male,Adult,54,37,14.12,2.94,4.27,11.93,
Cinnyris,reichenowi,reichenowi,CM,Carnegie Museum,145819,Mufaga Forest;Kezizi,Kezizi,Kenya,Male,Adult,57,37,13.63,2.83,4.6,13.39,
Cinnyris,reichenowi,reichenowi,CM,Carnegie Museum,145882,Kalinga Forest; Aukole,Aukole,Kenya,Male,Adult,53,35,14.76,2.5,4.5,12.73,
Cinnyris,reichenowi,reichenowi,CM,Carnegie Museum,147670,Mt. Kenya; Kagati,Mt Kenya,Kenya,Male,Adult,55,41,13.62,2.88,4.21,13.4,
Cinnyris,reichenowi,reichenowi,CM,Carnegie Museum,147671,Mt. Kenya; Kagati,Mt Kenya,Kenya,Male,Adult,54,39,14.67,,4.45,11.85,Bill fixed open
Cinnyris,reichenowi,reichenowi,CM,Carnegie Museum,147729,SW Man,SW Mau,Kenya,Male,Adult,59,35,15.12,2.92,4.5,13.77,
Cinnyris,reichenowi,reichenowi,CM,Carnegie Museum,147923,Mt. Kenya; Kagati,Mt Kenya,Kenya,Male,Adult,55,35,14.78,3.1,4.27,12.51,
Cinnyris,reichenowi,reichenowi,CM,Carnegie Museum,147944,Mt. Kenya; Kagati,Mt Kenya,Kenya,Male,Adult,53,42,14.56,3.02,4.46,13.61,
Cinnyris,reichenowi,reichenowi,CM,Carnegie Museum,149092,Claso Nyiro R. /nanyuda,Nyiro River,Kenya,Male,Adult,54,44,13.67,2.58,4,13.29,
Cinnyris,reichenowi,reichenowi,CM,Carnegie Museum,149174,Claso Nyiro R. /nanyuda,Nyiro River,Kenya,Male,Adult,55,40,13.09,2.41,4.04,13.45,Right Leg
Cinnyris,reichenowi,reichenowi,CM,Carnegie Museum,145967,Kayonza Forest; Kigezi,Kigezi,Uganda,Male,Adult,55,42,14.02,2.78,4.59,11.62,
Cinnyris,reichenowi,reichenowi,CM,Carnegie Museum,145993,Bwindi Impenetrable Forest; Kigezi,Kigezi,Uganda,Male,Adult,55,39,15.24,2.61,4.53,12.25,
Cinnyris,reichenowi,reichenowi,CM,Carnegie Museum,146124,Bwindi Impenetrable Forest; Kigezi,Kigezi,Uganda,Male,Adult,54,39,13.97,2.54,4.6,12.83,
Cinnyris,reichenowi,reichenowi,CM,Carnegie Museum,146132,Bwindi Impenetrable Forest; Kigezi,Kigezi,Uganda,Male,Adult,54,40,14.38,2.55,4.63,11.62,
Cinnyris,reichenowi,reichenowi,CM,Carnegie Museum,146156,Kayonza Forest; Kigezi,Kigezi,Uganda,Male,Adult,56,39,15.12,2.74,4.35,13.67,
Cinnyris,reichenowi,genderuensis,FMNH,Field Museum of Natural History,122395,Genderu,Genderu,Cameroon,Male,,56,38,15.1,2.6,4.7,11.5,
Cinnyris,reichenowi,genderuensis,FMNH,Field Museum of Natural History,189462,Yaoundé,Yaounde,Cameroon,Male,,57,36,13.8,2.7,4,11.7,
Cinnyris,reichenowi,preussi,FMNH,Field Museum of Natural History,95916,Mt. Cameroon,Mt Cameroon,Cameroon,Female,,54,34,17.5,2.7,4.6,14.2,
Cinnyris,reichenowi,preussi,FMNH,Field Museum of Natural History,95912,Mt. Cameroon,Mt Cameroon,Cameroon,Male,,61,44,18.6,2.8,4.8,14.9,
Cinnyris,reichenowi,preussi,FMNH,Field Museum of Natural History,95913,Mt. Cameroon,Mt Cameroon,Cameroon,Male,,60,42,18.3,3.5,4.4,15,
Cinnyris,reichenowi,preussi,FMNH,Field Museum of Natural History,95915,Mt. Cameroon,Mt Cameroon,Cameroon,Male,Juvenile,56,38,17.7,2.7,5.3,15.7,
Cinnyris,reichenowi,preussi,FMNH,Field Museum of Natural History,273746,Babadjou,Bamenda Highlands,Cameroon,Male,,59,46,16.7,2.9,4.9,17.4,Labeled genderuensis
Cinnyris,reichenowi,reichenowi,FMNH,Field Museum of Natural History,346628,Muramuya Prov.; Kibira NP; Teza 3.5 kms S 2.6 km W,Nyungwe,Burundi,Female,,51,33,14.4,2.4,4,13,
Cinnyris,reichenowi,reichenowi,FMNH,Field Museum of Natural History,350904,Muramaya Prov.; Bukeye; Nyabihondo Valley,Nyungwe,Burundi,Female,Adult,48,30,14.3,2.2,3.7,13.8,Sex assumed from age
Cinnyris,reichenowi,reichenowi,FMNH,Field Museum of Natural History,358154,Conotoko; Ndera; Bukinanyana; Giserema; Kibira National Park,Nyungwe,Burundi,Female,,50,32,14.2,2.2,2.8,10.8,
Cinnyris,reichenowi,reichenowi,FMNH,Field Museum of Natural History,358157,Cibotoko; Ndora; Bukinanyana; Giseruma (Kibira National Park),Nyungwe,Burundi,Female,Adult,49,30,13.8,2.9,4.3,12.9,
Cinnyris,reichenowi,reichenowi,FMNH,Field Museum of Natural History,438860,South Kivu; Kahuzi Biega; Tshivanga,Kivu Highlands,Democratic Republic of the Congo,Female,,45,30,12.9,2.6,3.3,12.1,
Cinnyris,reichenowi,reichenowi,FMNH,Field Museum of Natural History,438861,South Kivu; Kahuzi Biega; Tshivanga,Kivu Highlands,Democratic Republic of the Congo,Female,,52,32,14,2.7,4.4,13.3,
Cinnyris,reichenowi,reichenowi,FMNH,Field Museum of Natural History,441712,South Kivu; Kahuzi Biega; Tchihati,Kivu Highlands,Democratic Republic of the Congo,Female,,51,34,13.4,2.1,3.3,11.5,
Cinnyris,reichenowi,reichenowi,FMNH,Field Museum of Natural History,443947,South Kivu; Kahuzi-Biega,Kivu Highlands,Democratic Republic of the Congo,Female,,50,32,13.6,2.6,4.1,13.2,
Cinnyris,reichenowi,reichenowi,FMNH,Field Museum of Natural History,481233,South Kivu; Kahuzi-Biega; Bugulumiza,Kivu Highlands,Democratic Republic of the Congo,Female,Adult,49,36,13.8,2.9,3.7,13.5,
Cinnyris,reichenowi,reichenowi,FMNH,Field Museum of Natural History,481236,South Kivu; Kangala Forest,Kivu Highlands,Democratic Republic of the Congo,Female,,49,27,13.4,2.7,4.1,12.1,
Cinnyris,reichenowi,reichenowi,FMNH,Field Museum of Natural History,201762,Kericho,Kericho,Kenya,Female,,52,34,13.3,2.2,4,14.5,
Cinnyris,reichenowi,reichenowi,FMNH,Field Museum of Natural History,201770,Near Kakamega; N. Kavirondo Kaimosi,Kaverondo Kaimosi,Kenya,Female,,49,31,13.2,2.5,3.7,12.6,
Cinnyris,reichenowi,reichenowi,FMNH,Field Museum of Natural History,201771,Near Kakamega; N. Kavirondo Kaimosi,Kaverondo Kaimosi,Kenya,Female,,48,32,12.4,2.7,4,12.7,
Cinnyris,reichenowi,reichenowi,FMNH,Field Museum of Natural History,201772,On Kenya-Uganda Border; Elgon,Mt Elgon,Kenya,Female,,49,31,14.6,2.1,4.2,12.1,
Cinnyris,reichenowi,reichenowi,FMNH,Field Museum of Natural History,201778,Mt. Kenya,Mt Kenya,Kenya,Female,,51,38,,,,,Bill damaged
Cinnyris,reichenowi,reichenowi,FMNH,Field Museum of Natural History,298867,Imatong Mountains,Imatong Mts,South Sudan,Female,,47,30,12.8,2.5,2.3,13.6,
Cinnyris,reichenowi,reichenowi,FMNH,Field Museum of Natural History,298868,Imatong Mountains,Imatong Mts,South Sudan,Female,,50,34,12.3,2.3,3.1,12.6,
Cinnyris,reichenowi,reichenowi,FMNH,Field Museum of Natural History,298869,Imatong Mountains,Imatong Mts,South Sudan,Female,,49,34,14.2,2.6,2.8,11.6,
Cinnyris,reichenowi,reichenowi,FMNH,Field Museum of Natural History,356161,Western Prov.; Kasese Dist.; Rwenzori Mountains; Mubuku Valley; Choha,Rwenzori Mts,Uganda,Female,Adult,50,31,13.3,2.6,4.6,14.1,
Cinnyris,reichenowi,reichenowi,FMNH,Field Museum of Natural History,356170,Western Prov.; Kasese Dist.; Ulubuku Valley; Rwenzori Mountains; Mahoma,Rwenzori Mts,Uganda,Female,,50,35,13.8,2.6,3.4,13.8,
Cinnyris,reichenowi,reichenowi,FMNH,Field Museum of Natural History,356172,Western Prov.; Kasese Dist.; Ulubuku Valley; Rwenzori Mountains; Mahoma,Rwenzori Mts,Uganda,Female,,49,31,13.6,2.4,3.9,13,
Cinnyris,reichenowi,reichenowi,FMNH,Field Museum of Natural History,385273,Southern; Kisoro Dist.; Nteko,Bwindi,Uganda,Female,Adult,47,31,13.6,2.5,3.2,12.7,
Cinnyris,reichenowi,reichenowi,FMNH,Field Museum of Natural History,346606,Muramuya Prov.; Kibira NP; Teza 3.5 kms S 2.6 km W,Nyungwe,Burundi,Male,,55,42,14.3,2.4,4.2,10.6,
Cinnyris,reichenowi,reichenowi,FMNH,Field Museum of Natural History,358155,Cibotoko; Ndora; Bukinanyana; Giseruma (Kibira National Park),Nyungwe,Burundi,Male,Juvenile,52,32,13.3,2.7,4.2,13,
Cinnyris,reichenowi,reichenowi,FMNH,Field Museum of Natural History,358156,Conotoko; Ndera; Bukinanyana; Giserema; Kibira National Park,Nyungwe,Burundi,Male,Adult,52,41,14.1,2.4,3.7,13.4,
Cinnyris,reichenowi,reichenowi,FMNH,Field Museum of Natural History,431116,South Kivu; North-Idini; Nyamusisi Forest,Kivu Highlands,Democratic Republic of the Congo,Male,,56,37,15.4,3,3.6,13.3,
Cinnyris,reichenowi,reichenowi,FMNH,Field Museum of Natural History,438858,South Kivu; Kahuzi Biega; Tshivanga,Kivu Highlands,Democratic Republic of the Congo,Male,,51,34,13.8,2.4,4.2,11.8,
Cinnyris,reichenowi,reichenowi,FMNH,Field Museum of Natural History,438859,South Kivu; Kahuzi Biega; Tshivanga,Kivu Highlands,Democratic Republic of the Congo,Male,,55,34,14.5,2.8,3.6,13.6,
Cinnyris,reichenowi,reichenowi,FMNH,Field Museum of Natural History,441713,South Kivu; Kahuzi Biega; Tchihati,Kivu Highlands,Democratic Republic of the Congo,Male,,51,37,13,2.5,3.4,12.8,
Cinnyris,reichenowi,reichenowi,FMNH,Field Museum of Natural History,117153,Kisumu,Kisumu,Kenya,Male,,56,40,14.3,2.5,3.5,12.6,
Cinnyris,reichenowi,reichenowi,FMNH,Field Museum of Natural History,187081,Bueheu Hombi; Mt. Kenya,Mt Kenya,Kenya,Male,,53,39,12.8,2,4.2,13.8,
Cinnyris,reichenowi,reichenowi,FMNH,Field Museum of Natural History,201763,Kericho,Kericho,Kenya,Male,,50,36,13.8,2.4,3.6,12.9,Right tarsus
Cinnyris,reichenowi,reichenowi,FMNH,Field Museum of Natural History,201764,S. Mau; Kericho,SW Mau,Kenya,Male,Juvenile,56,33,14.2,2.3,4.6,11.7,
Cinnyris,reichenowi,reichenowi,FMNH,Field Museum of Natural History,201766,Nakuru Ravine,Nakuru,Kenya,Male,,56,41,14.8,2.5,3.4,12.5,
Cinnyris,reichenowi,reichenowi,FMNH,Field Museum of Natural History,201767,N. Kaverondo Kaimosi,Kaverondo Kaimosi,Kenya,Male,Juvenile,53,38,12.8,3.1,3.7,14,
Cinnyris,reichenowi,reichenowi,FMNH,Field Museum of Natural History,201768,N. Kaverondo Kaimosi,Kaverondo Kaimosi,Kenya,Male,,56,43,13.3,3.3,4.3,12.7,
Cinnyris,reichenowi,reichenowi,FMNH,Field Museum of Natural History,201769,from Nandi and N. Koverondo to Lake Victoria; Yala River,Yala River,Kenya,Male,,55,39,14.4,3.2,4.4,13.5,
Cinnyris,reichenowi,reichenowi,FMNH,Field Museum of Natural History,201773,On Kenya-Uganda Border; Elgon,Mt Elgon,Kenya,Male,,55,36,14.5,2.2,3.6,14,Left wing
Cinnyris,reichenowi,reichenowi,FMNH,Field Museum of Natural History,201775,On scarpe west side of the rift near Cherangani Hills; Elgiyu,Cherangani Hills,Kenya,Male,Juvenile,51,34,15,2.3,3.8,12.7,
Cinnyris,reichenowi,reichenowi,FMNH,Field Museum of Natural History,201779,S.W. Mt. Kenya; Nyeri,Mt Kenya,Kenya,Male,,53,35,14.6,2.3,4.1,11.1,Right tarsus
Cinnyris,reichenowi,reichenowi,FMNH,Field Museum of Natural History,201780,Gombeni Hills,Gombeni Hills,Kenya,Male,,52,34,13.8,2.7,3.6,13.1,
Cinnyris,reichenowi,reichenowi,FMNH,Field Museum of Natural History,201781,Meru; N.E. Slopes of Mt. Kenya,Mt Kenya,Kenya,Male,,53,37,13,2.4,3.4,11.7,
Cinnyris,reichenowi,reichenowi,FMNH,Field Museum of Natural History,201782,Meru; N.E. Slopes of Mt. Kenya,Mt Kenya,Kenya,Male,,54,39,14.8,2.8,4.2,13.6,
Cinnyris,reichenowi,reichenowi,FMNH,Field Museum of Natural History,201783,Emba; S.E. Foothills of Mt. Kenya,Mt Kenya,Kenya,Male,,52,37,14.5,2.8,3.9,12.6,
Cinnyris,reichenowi,reichenowi,FMNH,Field Museum of Natural History,201784,Meru; N.E. Slopes of Mt. Kenya,Mt Kenya,Kenya,Male,,53,33,13,2.1,3.2,12.5,
Cinnyris,reichenowi,reichenowi,FMNH,Field Museum of Natural History,201815,Mt. Kenya,Mt Kenya,Kenya,Male,,53,38,14.4,2.2,3.9,13.2,
Cinnyris,reichenowi,reichenowi,FMNH,Field Museum of Natural History,298863,Imatong Mountains,Imatong Mts,South Sudan,Male,,51,40,13.7,2.4,3.7,12.3,
Cinnyris,reichenowi,reichenowi,FMNH,Field Museum of Natural History,298864,Imatong Mountains,Imatong Mts,South Sudan,Male,,53,40,15.5,2.3,4,13.5,
Cinnyris,reichenowi,reichenowi,FMNH,Field Museum of Natural History,298870,Imatong Mountains,Imatong Mts,South Sudan,Male,,53,36,14,2.9,4.1,11.9,
Cinnyris,reichenowi,reichenowi,FMNH,Field Museum of Natural History,201774,West Elgon; Bumasifa,Mt Elgon,Uganda,Male,Juvenile,51,39,14.7,2.4,4.1,11.1,Young bird
Cinnyris,reichenowi,reichenowi,FMNH,Field Museum of Natural History,201776,W. Slope Ruwenzori; Bwamba Pass; Buhundu,Rwenzori Mts,Uganda,Male,,53,38,14.3,2.6,4.6,13.6,
Cinnyris,reichenowi,reichenowi,FMNH,Field Museum of Natural History,201777,W. Slope Ruwenzori; Bwamba Pass; Buhundu,Rwenzori Mts,Uganda,Male,,55,40,,2.6,4.3,12.4,Unable to measure bill
Cinnyris,reichenowi,reichenowi,FMNH,Field Museum of Natural History,356159,Western Prov.; Kasese Dist.; Rwenzori Mountains; Mubuku Valley; Choha,Rwenzori Mts,Uganda,Male,Adult,54,39,14.4,2.8,4,12.7,
Cinnyris,reichenowi,reichenowi,FMNH,Field Museum of Natural History,356162,Western Prov.; Kasese Dist.; Rwenzori Mountains; Mubuku Valley; Choha,Rwenzori Mts,Uganda,Male,Adult,55,35,14.8,2.5,4,13.5,
Cinnyris,reichenowi,reichenowi,FMNH,Field Museum of Natural History,356164,Western Prov.; Kasese Dist.; Rwenzori Mountains; Mubuku Valley; Choha,Rwenzori Mts,Uganda,Male,Adult,55,38,13.9,2.1,3.9,14.1,
Cinnyris,reichenowi,reichenowi,FMNH,Field Museum of Natural History,356168,Western Prov.; Kasese Dist.; Ulubuku Valley; Rwenzori Mountains; Mahoma,Rwenzori Mts,Uganda,Male,Adult,57,37,13.6,2.7,4.5,11.5,
Cinnyris,reichenowi,reichenowi,FMNH,Field Museum of Natural History,356171,Western Prov.; Kasese Dist.; Ulubuku Valley; Rwenzori Mountains; Mahoma,Rwenzori Mts,Uganda,Male,Juvenile,53,30,14.5,2.8,3.6,13.1,
Cinnyris,reichenowi,reichenowi,FMNH,Field Museum of Natural History,385271,Souther; Kabate Dist.; Byumba,Bwindi,Uganda,Male,Adult,54,37,13.7,3,4.1,13.4,
Cinnyris,reichenowi,reichenowi,FMNH,Field Museum of Natural History,385272,Southern; Kabale Dist.; Brumba,Bwindi,Uganda,Male,Juvenile,50,32,14.7,2.4,4.6,13.1,Young bird
Cinnyris,reichenowi,reichenowi,FMNH,Field Museum of Natural History,298862,Imatong Mountains,Imatong Mts,South Sudan,Unknown,Juvenile,48,28,13.1,2.4,3.2,13.8,
Cinnyris,reichenowi,genderuensis,MNMH,Muséum national d'histoire naturelle ,1983.63,Sarki,Adamawa,CAR,Female,Adult,52,39,13.71,3.07,4.07,11.37,
Cinnyris,reichenowi,genderuensis,MNMH,Muséum national d'histoire naturelle ,1971.637,Nkolondom,Yaounde,Cameroon,Male,Adult,57,42,16.31,3,4.54,12.59,
Cinnyris,reichenowi,genderuensis,MNMH,Muséum national d'histoire naturelle ,1994.1401,Mbakaou,Adamawa,Cameroon,Male,Adult,54,38,14.42,2.84,4.41,12.6,
Cinnyris,reichenowi,genderuensis,MNMH,Muséum national d'histoire naturelle ,1983.62,Sarki,Adamawa,CAR,Male,Adult,56,41,15.29,2.81,4.14,12.04,
Cinnyris,reichenowi,preussi,MNMH,Muséum national d'histoire naturelle ,1994.1403,Mt. Cameroon,Mt Cameroon,Cameroon,Female,Adult,50,32,,,,,
Cinnyris,reichenowi,preussi,MNMH,Muséum national d'histoire naturelle ,1994.1406,Kounden,Bamenda Highlands,Cameroon,Female,Adult,51,34,15.07,3.22,4.3,11.45,
Cinnyris,reichenowi,preussi,MNMH,Muséum national d'histoire naturelle ,1994.1407,Mt. Cameroon,Mt Cameroon,Cameroon,Female,Adult,54,36,16.34,3.06,4.9,12.9,
Cinnyris,reichenowi,preussi,MNMH,Muséum national d'histoire naturelle ,1994.1409,Mt. Cameroon,Mt Cameroon,Cameroon,Female,Adult,55,34,17.71,2.92,4.49,12.97,
Cinnyris,reichenowi,preussi,MNMH,Muséum national d'histoire naturelle ,1994.1411,Mt. Cameroon,Mt Cameroon,Cameroon,Female,Adult,55,37,16.08,2.75,4.32,12.38,
Cinnyris,reichenowi,preussi,MNMH,Muséum national d'histoire naturelle ,1994.1412,Mt. Cameroon,Mt Cameroon,Cameroon,Female,Adult,54,35,15.74,3.03,4.31,12.47,
Cinnyris,reichenowi,preussi,MNMH,Muséum national d'histoire naturelle ,1994.1413,Mt. Cameroon,Mt Cameroon,Cameroon,Female,Adult,54,34,16.96,2.92,4.96,13.44,
Cinnyris,reichenowi,preussi,MNMH,Muséum national d'histoire naturelle ,1994.1415,Mt. Cameroon,Mt Cameroon,Cameroon,Female,Adult,51,36,16.17,2.57,4.82,12.6,
Cinnyris,reichenowi,preussi,MNMH,Muséum national d'histoire naturelle ,1994.1421,Mt. Cameroon,Mt Cameroon,Cameroon,Female,Adult,56,35,16.69,3,4.82,13.3,
Cinnyris,reichenowi,preussi,MNMH,Muséum national d'histoire naturelle ,1994.1426,Mt. Cameroon,Mt Cameroon,Cameroon,Female,Adult,54,32,15.83,3.31,4.9,13.28,
Cinnyris,reichenowi,preussi,MNMH,Muséum national d'histoire naturelle ,1994.1428,Mt. Manengouba,Mt Manengouba,Cameroon,Female,Adult,54,36,15.55,3.13,4.46,13.09,Right leg
Cinnyris,reichenowi,preussi,MNMH,Muséum national d'histoire naturelle ,1994.1400.,Mt. Cameroon,Mt Cameroon,Cameroon,Female,Adult,51,33,16.05,2.8,5.32,12.82,
Cinnyris,reichenowi,preussi,MNMH,Muséum national d'histoire naturelle ,1940.1103,Musake,Unknown,Cameroon,Male,Adult,63,47,18.24,3.15,5.58,14.45,
Cinnyris,reichenowi,preussi,MNMH,Muséum national d'histoire naturelle ,1940.1104,Musake,Unknown,Cameroon,Male,Adult,63,52,18.9,3.1,5.38,12.65,
Cinnyris,reichenowi,preussi,MNMH,Muséum national d'histoire naturelle ,1940.1105,Musake,Unknown,Cameroon,Male,Adult,60,43,17.71,2.71,4.69,12.02,
Cinnyris,reichenowi,preussi,MNMH,Muséum national d'histoire naturelle ,1994.1405,Kounden,Bamenda Highlands,Cameroon,Male,Adult,57,44,15.89,3,4.25,12.85,
Cinnyris,reichenowi,preussi,MNMH,Muséum national d'histoire naturelle ,1994.1408,Mt. Cameroon,Mt Cameroon,Cameroon,Male,Adult,59,43,19.96,3.13,5.31,14.21,
Cinnyris,reichenowi,preussi,MNMH,Muséum national d'histoire naturelle ,1994.1414,Mt. Manengouba,Mt Manengouba,Cameroon,Male,Adult,58,44,17.25,3.37,4.92,14.06,Right leg
Cinnyris,reichenowi,preussi,MNMH,Muséum national d'histoire naturelle ,1994.1416,Mt. Cameroon,Mt Cameroon,Cameroon,Male,Adult,57,39,18.78,3.38,4.45,13.25,
Cinnyris,reichenowi,preussi,MNMH,Muséum national d'histoire naturelle ,1994.1417,Mt. Manengouba,Mt Manengouba,Cameroon,Male,Adult,59,45,15.79,3.03,4.48,12.95,
Cinnyris,reichenowi,preussi,MNMH,Muséum national d'histoire naturelle ,1994.1418,Mt. Cameroon,Mt Cameroon,Cameroon,Male,Adult,59,43,19.35,3.22,5.31,14.79,
Cinnyris,reichenowi,preussi,MNMH,Muséum national d'histoire naturelle ,1994.1419,Mt. Manengouba,Mt Manengouba,Cameroon,Male,Adult,59,46,16.64,3.02,4.18,12.05,
Cinnyris,reichenowi,preussi,MNMH,Muséum national d'histoire naturelle ,1994.1422,Mt. Cameroon,Mt Cameroon,Cameroon,Male,Adult,60,46,18.8,3.03,4.87,13.68,
Cinnyris,reichenowi,preussi,MNMH,Muséum national d'histoire naturelle ,1994.1423,Mt. Manengouba,Mt Manengouba,Cameroon,Male,Adult,57,43,16.73,2.88,5.08,12.94,
Cinnyris,reichenowi,preussi,MNMH,Muséum national d'histoire naturelle ,1994.1424,Mt. Manengouba,Mt Manengouba,Cameroon,Male,Adult,59,42,16.08,2.97,4.75,12.13,
Cinnyris,reichenowi,preussi,MNMH,Muséum national d'histoire naturelle ,1994.1425,Mt. Cameroon,Mt Cameroon,Cameroon,Male,Adult,60,41,18.8,3.06,5.22,13.8,
Cinnyris,reichenowi,preussi,MNMH,Muséum national d'histoire naturelle ,1994.1427,Mt. Cameroon,Mt Cameroon,Cameroon,Male,Adult,58,41,19.16,2.98,4.67,13.76,
Cinnyris,reichenowi,preussi,MNMH,Muséum national d'histoire naturelle ,2005.994,Mt. Cameroon,Mt Cameroon,Cameroon,Male,Adult,59,46,18.94,3.05,4.74,12.82,
Cinnyris,reichenowi,preussi,MNMH,Muséum national d'histoire naturelle ,1994.1410.,Mt. Cameroon,Mt Cameroon,Cameroon,Male,Adult,58,38,,3.08,4.98,14.12,
Cinnyris,reichenowi,preussi,MNMH,Muséum national d'histoire naturelle ,1994.1420.,Mt. Manengouba,Mt Manengouba,Cameroon,Male,Adult,58,45,18.83,3.35,4.86,12.84,
Cinnyris,reichenowi,reichenowi,MNMH,Muséum national d'histoire naturelle ,1988.694,Djenda,Nyungwe,Burundi,Female,Adult,51,37,14.61,2.73,3.99,10.77,
Cinnyris,reichenowi,reichenowi,MNMH,Muséum national d'histoire naturelle ,1988.695,Musigati,Nyungwe,Burundi,Female,Adult,50,35,15.15,2.62,4.84,,
Cinnyris,reichenowi,reichenowi,MNMH,Muséum national d'histoire naturelle ,2000.270.,Musigati,Nyungwe,Burundi,Female,Adult,47,34,16.34,2.79,4.52,11.15,
Cinnyris,reichenowi,reichenowi,MNMH,Muséum national d'histoire naturelle ,2000.264,Teza,Nyungwe,Burundi,Male,Adult,52,39,14.25,2.57,4.09,12.79,
Cinnyris,reichenowi,reichenowi,MNMH,Muséum national d'histoire naturelle ,2000.265,Teza,Nyungwe,Burundi,Male,Adult,56,42,14.91,2.89,4.5,11.86,
Cinnyris,reichenowi,reichenowi,MNMH,Muséum national d'histoire naturelle ,1936.1663,M’Bivahi; Kivu,Kivu Highlands,DRC,Male,Adult,55,45,13.4,2.79,4.47,11.04,
Cinnyris,reichenowi,Unknown,MNMH,Muséum national d'histoire naturelle ,2005.995,Unknown,Unknown,Cameroon,Male,Adult,53,39,14.75,3.05,4.23,13.74,
Cinnyris,reichenowi,genderuensis,NHMUK,Natural History Museum of the United Kingdom,1922.11.25.214,Genderu,Genderu,Cameroon,Female,Adult,53,36,12.37,3.05,4.2,11.78,
Cinnyris,reichenowi,genderuensis,NHMUK,Natural History Museum of the United Kingdom,1922.11.25.215,Genderu,Genderu,Cameroon,Female,Adult,52,35,14.72,2.86,4.58,11.48,
Cinnyris,reichenowi,genderuensis,NHMUK,Natural History Museum of the United Kingdom,1922.11.25.217,Tibati,Tibati,Cameroon,Female,Adult,52,33,14.46,2.86,4.11,12.05,
Cinnyris,reichenowi,genderuensis,NHMUK,Natural History Museum of the United Kingdom,1922.11.25.216,Tibati,Tibati,Cameroon,Male,Adult,56,42,15.98,3.05,4.59,11.04,
Cinnyris,reichenowi,genderuensis,NHMUK,Natural History Museum of the United Kingdom,1940.2.8.63,Tibati,Tibati,Cameroon,Male,Adult,56,44,14.97,2.83,4.26,13.45,
Cinnyris,reichenowi,parvirostris,NHMUK,Natural History Museum of the United Kingdom,1904.6.22.231,Bioko,Bioko,Equatorial Guinea,Female,Unknown,49,30,14.55,3.03,3.82,13.01,
Cinnyris,reichenowi,parvirostris,NHMUK,Natural History Museum of the United Kingdom,1911.12.23.2757,Bioko,Bioko,Equatorial Guinea,Female,Adult,56,30,14.58,2.7,3.99,11.89,
Cinnyris,reichenowi,parvirostris,NHMUK,Natural History Museum of the United Kingdom,1911.12.23.2758,Bioko,Bioko,Equatorial Guinea,Female,Adult,56,35,15.63,3.26,4.48,12.03,
Cinnyris,reichenowi,parvirostris,NHMUK,Natural History Museum of the United Kingdom,1911.12.23.2759,Bioko,Bioko,Equatorial Guinea,Female,Adult,56,33,15.57,2.74,4.64,11.54,
Cinnyris,reichenowi,parvirostris,NHMUK,Natural History Museum of the United Kingdom,1936.2.21.795,Bioko,Bioko,Equatorial Guinea,Female,Adult,55,30,15.46,2.87,4.39,11.31,
Cinnyris,reichenowi,parvirostris,NHMUK,Natural History Museum of the United Kingdom,1904.6.22.230,Bioko,Bioko,Equatorial Guinea,Male,Adult,52,36,16.38,3.26,4.39,14.7,
Cinnyris,reichenowi,parvirostris,NHMUK,Natural History Museum of the United Kingdom,1911.12.23.2743,Bioko,Bioko,Equatorial Guinea,Male,Adult,62,48,16.92,2.89,4.98,13.21,
Cinnyris,reichenowi,parvirostris,NHMUK,Natural History Museum of the United Kingdom,1911.12.23.2744,Bioko,Bioko,Equatorial Guinea,Male,Adult,58,41,16.6,2.77,4.92,12.76,
Cinnyris,reichenowi,parvirostris,NHMUK,Natural History Museum of the United Kingdom,1911.12.23.2745,Bioko,Bioko,Equatorial Guinea,Male,Adult,60,43,16.19,3.07,4.54,13.41,
Cinnyris,reichenowi,parvirostris,NHMUK,Natural History Museum of the United Kingdom,1911.12.23.2747,Bioko,Bioko,Equatorial Guinea,Male,Adult,61,46,16.64,2.92,4.72,14.18,
Cinnyris,reichenowi,parvirostris,NHMUK,Natural History Museum of the United Kingdom,1911.12.23.2748,Bioko,Bioko,Equatorial Guinea,Male,Adult,60,42,15.64,3.28,4.36,15.01,
Cinnyris,reichenowi,parvirostris,NHMUK,Natural History Museum of the United Kingdom,1911.12.23.274x,Bioko,Bioko,Equatorial Guinea,Male,Adult,59,40,16.68,2.87,4.67,12.88,Sticker covering number
Cinnyris,reichenowi,parvirostris,NHMUK,Natural History Museum of the United Kingdom,1936.2.21.792,Bioko,Bioko,Equatorial Guinea,Male,Adult,58,46,16.52,2.73,4.71,14.02,
Cinnyris,reichenowi,parvirostris,NHMUK,Natural History Museum of the United Kingdom,1936.2.21.793,Bioko,Bioko,Equatorial Guinea,Male,Adult,63,40,18.38,3.15,5.22,13.13,
Cinnyris,reichenowi,parvirostris,NHMUK,Natural History Museum of the United Kingdom,1936.2.21.794,Bioko,Bioko,Equatorial Guinea,Male,Adult,60,48,16.06,3.03,4.91,14.18,
Cinnyris,reichenowi,preussi,NHMUK,Natural History Museum of the United Kingdom,1887.3.7.35,Mt. Cameroon,Mt Cameroon,Cameroon,Female,Adult,52,34,17.74,2.89,4.24,13.52,
Cinnyris,reichenowi,preussi,NHMUK,Natural History Museum of the United Kingdom,1911.12.23.4237,Mt. Cameroon,Mt Cameroon,Cameroon,Female,Adult,55,36,16.55,3.08,3.96,13.68,
Cinnyris,reichenowi,preussi,NHMUK,Natural History Museum of the United Kingdom,1911.12.23.4349,Mt. Manengouba,Mt Manengouba,Cameroon,Female,Adult,53,34,14.85,2.95,4.36,12.71,
Cinnyris,reichenowi,preussi,NHMUK,Natural History Museum of the United Kingdom,1911.12.23.4352,Mt. Manengouba,Mt Manengouba,Cameroon,Female,Adult,54,36,15.23,2.52,4.36,14.49,
Cinnyris,reichenowi,preussi,NHMUK,Natural History Museum of the United Kingdom,1922.11.25.222,Kumbo (Oku Highlands),Bamenda Highlands,Cameroon,Female,Adult,56,37,15.5,2.89,4.2,14.08,
Cinnyris,reichenowi,preussi,NHMUK,Natural History Museum of the United Kingdom,1922.11.25.223,Kumbo (Oku Highlands),Bamenda Highlands,Cameroon,Female,Adult,54,38,15.22,2.89,4.68,11.08,
Cinnyris,reichenowi,preussi,NHMUK,Natural History Museum of the United Kingdom,1966.16.2408,Banso (Oku Highlands),Bamenda Highlands,Cameroon,Female,Adult,55,40,15.07,2.59,4.34,13.32,
Cinnyris,reichenowi,preussi,NHMUK,Natural History Museum of the United Kingdom,1966.16.2409,Rumpi Hills,Rumpi Hills,Cameroon,Female,Adult,56,38,17.3,2.62,4.92,14.15,
Cinnyris,reichenowi,preussi,NHMUK,Natural History Museum of the United Kingdom,1966.16.2415,Rumpi Hills,Rumpi Hills,Cameroon,Female,Adult,55,38,17.47,2.75,4.38,15.37,
Cinnyris,reichenowi,preussi,NHMUK,Natural History Museum of the United Kingdom,1966.16.2422,Rumpi Hills,Rumpi Hills,Cameroon,Female,Adult,53,37,17.16,2.81,4.7,12.77,
Cinnyris,reichenowi,preussi,NHMUK,Natural History Museum of the United Kingdom,1966.16.2424,Rumpi Hills,Rumpi Hills,Cameroon,Female,Adult,54,8.18,17.17,2.75,5.13,14.7,
Cinnyris,reichenowi,preussi,NHMUK,Natural History Museum of the United Kingdom,1966.16.2425,Rumpi Hills,Rumpi Hills,Cameroon,Female,Adult,53,35,17.31,2.58,4.22,12.87,
Cinnyris,reichenowi,preussi,NHMUK,Natural History Museum of the United Kingdom,1966.16.2426,Rumpi Hills,Rumpi Hills,Cameroon,Female,Adult,51,36,17.6,2.74,4.62,14.13,
Cinnyris,reichenowi,preussi,NHMUK,Natural History Museum of the United Kingdom,1966.16.2437,Mt. Manengouba,Mt Manengouba,Cameroon,Female,Adult,54,40,15.29,2.55,4.9,13.81,
Cinnyris,reichenowi,preussi,NHMUK,Natural History Museum of the United Kingdom,1966.16.2442,Mt. Manengouba,Mt Manengouba,Cameroon,Female,Adult,51,34,14.43,2.68,4.48,15.13,
Cinnyris,reichenowi,preussi,NHMUK,Natural History Museum of the United Kingdom,1966.16.2446,Bamenda,Bamenda Highlands,Cameroon,Female,Adult,56,38,15.38,2.92,4.44,12.76,
Cinnyris,reichenowi,preussi,NHMUK,Natural History Museum of the United Kingdom,1966.16.2450,Bamenda,Bamenda Highlands,Cameroon,Female,Adult,55,38,15.69,2.74,4.86,14.43,
Cinnyris,reichenowi,preussi,NHMUK,Natural History Museum of the United Kingdom,1966.16.2457,Mt. Oku,Mt Oku,Cameroon,Female,Adult,57,37,16.11,2.59,4.24,13.59,
Cinnyris,reichenowi,preussi,NHMUK,Natural History Museum of the United Kingdom,1966.16.2458,Mt. Oku,Mt Oku,Cameroon,Female,Adult,55,40,15.61,2.97,4.78,14.07,
Cinnyris,reichenowi,preussi,NHMUK,Natural History Museum of the United Kingdom,1966.16.2459,Mt. Oku,Mt Oku,Cameroon,Female,Adult,54,39,15.06,3.24,4.59,13.1,
Cinnyris,reichenowi,preussi,NHMUK,Natural History Museum of the United Kingdom,1966.16.2462,Mt. Oku,Mt Oku,Cameroon,Female,Adult,56,37,16.89,2.62,5.2,14.28,
Cinnyris,reichenowi,preussi,NHMUK,Natural History Museum of the United Kingdom,1966.16.2468,Mt. Cameroon,Mt Cameroon,Cameroon,Female,Adult,55,36,16.14,2.78,4.85,13.89,
Cinnyris,reichenowi,preussi,NHMUK,Natural History Museum of the United Kingdom,1966.16.2471,Mt. Cameroon,Mt Cameroon,Cameroon,Female,Adult,54,40,15.99,2.85,5,12.71,
Cinnyris,reichenowi,preussi,NHMUK,Natural History Museum of the United Kingdom,1966.16.2475,Mt. Cameroon,Mt Cameroon,Cameroon,Female,Adult,55,37,17.02,2.82,4.87,13.41,
Cinnyris,reichenowi,preussi,NHMUK,Natural History Museum of the United Kingdom,1966.16.2476,Mt. Cameroon,Mt Cameroon,Cameroon,Female,Adult,52,33,17.36,2.76,4.43,11.97,
Cinnyris,reichenowi,preussi,NHMUK,Natural History Museum of the United Kingdom,1966.16.2478,Mt. Cameroon,Mt Cameroon,Cameroon,Female,Adult,52,33,17.15,2.6,4.4,15.43,
Cinnyris,reichenowi,preussi,NHMUK,Natural History Museum of the United Kingdom,1966.16.2483,Mt. Cameroon,Mt Cameroon,Cameroon,Female,Adult,55,35,17.16,2.82,4.46,13.58,
Cinnyris,reichenowi,preussi,NHMUK,Natural History Museum of the United Kingdom,1966.16.2492,Mt. Cameroon,Mt Cameroon,Cameroon,Female,Adult,52,35,17.28,2.62,4.57,14.95,
Cinnyris,reichenowi,preussi,NHMUK,Natural History Museum of the United Kingdom,1966.16.2494,Mt. Cameroon,Mt Cameroon,Cameroon,Female,Adult,54,33,19.74,2.75,4.72,13.88,
Cinnyris,reichenowi,preussi,NHMUK,Natural History Museum of the United Kingdom,1966.16.2496,Mt. Cameroon,Mt Cameroon,Cameroon,Female,Adult,54,35,16.53,2.78,4.5,11.94,
Cinnyris,reichenowi,preussi,NHMUK,Natural History Museum of the United Kingdom,1966.16.2497,Mt. Cameroon,Mt Cameroon,Cameroon,Female,Adult,55,38,17.67,2.74,4.68,14.77,
Cinnyris,reichenowi,preussi,NHMUK,Natural History Museum of the United Kingdom,1966.16.2498,Mt. Cameroon,Mt Cameroon,Cameroon,Female,Adult,55,37,16.43,2.98,4.77,14.32,
Cinnyris,reichenowi,preussi,NHMUK,Natural History Museum of the United Kingdom,1966.16.2499,Mt. Cameroon,Mt Cameroon,Cameroon,Female,Adult,55,37,17.53,2.5,4.62,13.42,
Cinnyris,reichenowi,preussi,NHMUK,Natural History Museum of the United Kingdom,1966.16.2502,Mt. Cameroon,Mt Cameroon,Cameroon,Female,Adult,55,40,16.72,3.04,4.33,11.74,
Cinnyris,reichenowi,preussi,NHMUK,Natural History Museum of the United Kingdom,1966.16.2504,Mt. Cameroon,Mt Cameroon,Cameroon,Female,Adult,55,38,17.7,2.88,4.59,13.39,
Cinnyris,reichenowi,preussi,NHMUK,Natural History Museum of the United Kingdom,1966.16.2510,Mt. Cameroon,Mt Cameroon,Cameroon,Female,Adult,55,39,17.41,2.95,4.93,14.24,
Cinnyris,reichenowi,preussi,NHMUK,Natural History Museum of the United Kingdom,1887.3.7.15,Mt. Cameroon,Mt Cameroon,Cameroon,Male,Adult,58,44,19.93,2.92,5.08,,
Cinnyris,reichenowi,preussi,NHMUK,Natural History Museum of the United Kingdom,1911.12.23.4230,Mt. Cameroon,Mt Cameroon,Cameroon,Male,Adult,56,40,17.91,2.76,4.55,12.91,
Cinnyris,reichenowi,preussi,NHMUK,Natural History Museum of the United Kingdom,1911.12.23.4235,Mt. Cameroon,Mt Cameroon,Cameroon,Male,Adult,59,42,17.89,2.51,4.66,13.9,
Cinnyris,reichenowi,preussi,NHMUK,Natural History Museum of the United Kingdom,1911.12.23.4348,Mt. Manengouba,Mt Manengouba,Cameroon,Male,Adult,57,39,17.07,2.67,4.49,13.85,
Cinnyris,reichenowi,preussi,NHMUK,Natural History Museum of the United Kingdom,1911.12.23.4350,Mt. Manengouba,Mt Manengouba,Cameroon,Male,Adult,58,40,17.25,2.81,4.43,14.34,
Cinnyris,reichenowi,preussi,NHMUK,Natural History Museum of the United Kingdom,1911.3.11.9,Kumbo (Oku Highlands),Bamenda Highlands,Cameroon,Male,Adult,59,47,16.26,3.15,4.55,12,
Cinnyris,reichenowi,preussi,NHMUK,Natural History Museum of the United Kingdom,1922.11.25.219,Kumbo (Oku Highlands),Bamenda Highlands,Cameroon,Male,Adult,60,47,15.53,3.14,4.63,12.75,
Cinnyris,reichenowi,preussi,NHMUK,Natural History Museum of the United Kingdom,1922.11.25.220,Kumbo (Oku Highlands),Bamenda Highlands,Cameroon,Male,Adult,58,42,17.27,3.12,4.97,12.5,
Cinnyris,reichenowi,preussi,NHMUK,Natural History Museum of the United Kingdom,1922.11.25.221,Kumbo (Oku Highlands),Bamenda Highlands,Cameroon,Male,Adult,59,44,17.41,2.99,4.85,12.56,
Cinnyris,reichenowi,preussi,NHMUK,Natural History Museum of the United Kingdom,1922.11.25.318,Kumbo (Oku Highlands),Bamenda Highlands,Cameroon,Male,Adult,60,48,17.74,3.19,4.87,13.09,
Cinnyris,reichenowi,preussi,NHMUK,Natural History Museum of the United Kingdom,1923.10.26.317,Kumbo (Oku Highlands),Bamenda Highlands,Cameroon,Male,Adult,61,47,17.65,3.02,4.96,14.82,
Cinnyris,reichenowi,preussi,NHMUK,Natural History Museum of the United Kingdom,1923.10.26.319,South of Dschang,Bamenda Highlands,Cameroon,Male,Adult,58,43,15.74,2.86,4.46,13.85,
Cinnyris,reichenowi,preussi,NHMUK,Natural History Museum of the United Kingdom,1926.8.8.338,Mt. Oku,Mt Oku,Cameroon,Male,Adult,58,43,18.02,3.05,5.1,15.12,
Cinnyris,reichenowi,preussi,NHMUK,Natural History Museum of the United Kingdom,1926.8.8.342,Bambulue Lake,Bamenda Highlands,Cameroon,Male,Adult,57,42,16.31,2.97,4.98,12.2,
Cinnyris,reichenowi,preussi,NHMUK,Natural History Museum of the United Kingdom,1930.3.4.222,Mt. Oku,Mt Oku,Cameroon,Male,Adult,60,44,16.78,3.02,4.8,15.4,
Cinnyris,reichenowi,preussi,NHMUK,Natural History Museum of the United Kingdom,1930.3.4.223,Mt. Oku,Mt Oku,Cameroon,Male,Adult,58,44,16.6,2.81,4.65,12.54,
Cinnyris,reichenowi,preussi,NHMUK,Natural History Museum of the United Kingdom,1966.16.2412,Kumba (Rumpi Hills),Rumpi Hills,Cameroon,Male,Adult,58,41,19.32,2.93,5.73,14.99,
Cinnyris,reichenowi,preussi,NHMUK,Natural History Museum of the United Kingdom,1966.16.2413,Kumba (Rumpi Hills),Rumpi Hills,Cameroon,Male,Adult,58,42,19.12,2.97,5.46,14.47,Left tarsus
Cinnyris,reichenowi,preussi,NHMUK,Natural History Museum of the United Kingdom,1966.16.2414,Kumba (Rumpi Hills),Rumpi Hills,Cameroon,Male,Adult,58,48,18.05,3.2,5.33,13.76,
Cinnyris,reichenowi,preussi,NHMUK,Natural History Museum of the United Kingdom,1966.16.2417,Kumba (Rumpi Hills),Rumpi Hills,Cameroon,Male,Adult,57,44,17.86,3.19,4.72,14.98,
Cinnyris,reichenowi,preussi,NHMUK,Natural History Museum of the United Kingdom,1966.16.2420,Kumba (Rumpi Hills),Rumpi Hills,Cameroon,Male,Adult,61,46,22.13,2.83,5.46,15.98,
Cinnyris,reichenowi,preussi,NHMUK,Natural History Museum of the United Kingdom,1966.16.2423,Kumba (Rumpi Hills),Rumpi Hills,Cameroon,Male,Adult,58,41,19.28,2.81,5.09,14.37,
Cinnyris,reichenowi,preussi,NHMUK,Natural History Museum of the United Kingdom,1966.16.2427,Kumba (Rumpi Hills),Rumpi Hills,Cameroon,Male,Adult,57,42,17.6,2.92,5.25,14.72,
Cinnyris,reichenowi,preussi,NHMUK,Natural History Museum of the United Kingdom,1966.16.2428,Kumba (Rumpi Hills),Rumpi Hills,Cameroon,Male,Adult,59,44,17.72,3.27,5.03,14.16,
Cinnyris,reichenowi,preussi,NHMUK,Natural History Museum of the United Kingdom,1966.16.2430,Kumba (Rumpi Hills),Rumpi Hills,Cameroon,Male,Adult,57,41,19.16,2.69,5.01,15.44,
Cinnyris,reichenowi,preussi,NHMUK,Natural History Museum of the United Kingdom,1966.16.2432,Mt. Manengouba,Mt Manengouba,Cameroon,Male,Adult,59,44,17.31,2.91,4.81,14.59,
Cinnyris,reichenowi,preussi,NHMUK,Natural History Museum of the United Kingdom,1966.16.2433,Mt. Manengouba,Mt Manengouba,Cameroon,Male,Adult,58,43,18,,,17,Measurements from tag
Cinnyris,reichenowi,preussi,NHMUK,Natural History Museum of the United Kingdom,1966.16.2433,Mt. Manengouba,Mt Manengouba,Cameroon,Male,Adult,58,45,18.4,3.09,4.7,14.23,
Cinnyris,reichenowi,preussi,NHMUK,Natural History Museum of the United Kingdom,1966.16.2436,Mt. Manengouba,Mt Manengouba,Cameroon,Male,Adult,55,41,16.73,3.32,4.6,13.55,
Cinnyris,reichenowi,preussi,NHMUK,Natural History Museum of the United Kingdom,1966.16.2438,Mt. Manengouba,Mt Manengouba,Cameroon,Male,Adult,57,40,18,,,18,Measurements from tag
Cinnyris,reichenowi,preussi,NHMUK,Natural History Museum of the United Kingdom,1966.16.2438,Mt. Manengouba,Mt Manengouba,Cameroon,Male,Adult,58,40,17.94,2.87,4.7,15.24,Left tarsus
Cinnyris,reichenowi,preussi,NHMUK,Natural History Museum of the United Kingdom,1966.16.2439,Mt. Manengouba,Mt Manengouba,Cameroon,Male,Adult,56,40,16.94,2.76,4.56,13.19,
Cinnyris,reichenowi,preussi,NHMUK,Natural History Museum of the United Kingdom,1966.16.2440,Mt. Manengouba,Mt Manengouba,Cameroon,Male,Adult,55,38,15.97,2.86,4.78,12.86,
Cinnyris,reichenowi,preussi,NHMUK,Natural History Museum of the United Kingdom,1966.16.2445,Mt. Kupe,Mt Kupe,Cameroon,Male,Adult,55,42,20.06,3.21,4.93,,
Cinnyris,reichenowi,preussi,NHMUK,Natural History Museum of the United Kingdom,1966.16.2447,Bamenda,Bamenda Highlands,Cameroon,Male,Adult,60,49,17.89,2.96,5.04,13.76,
Cinnyris,reichenowi,preussi,NHMUK,Natural History Museum of the United Kingdom,1966.16.2453,Bamenda,Bamenda Highlands,Cameroon,Male,Adult,58,42,17,,,17,Measurements from tag
Cinnyris,reichenowi,preussi,NHMUK,Natural History Museum of the United Kingdom,1966.16.2453,Bamenda,Bamenda Highlands,Cameroon,Male,Adult,60,45,16.81,2.99,4.67,14.45,
Cinnyris,reichenowi,preussi,NHMUK,Natural History Museum of the United Kingdom,1966.16.2454,Bamenda,Bamenda Highlands,Cameroon,Male,Adult,59,43,17.53,2.89,4.42,13.35,
Cinnyris,reichenowi,preussi,NHMUK,Natural History Museum of the United Kingdom,1966.16.2455,Mt. Oku,Mt Oku,Cameroon,Male,Adult,60,44,16.4,2.42,3.99,15.22,
Cinnyris,reichenowi,preussi,NHMUK,Natural History Museum of the United Kingdom,1966.16.2460,Mt. Oku,Mt Oku,Cameroon,Male,Adult,60,,18.33,2.34,4.75,13.71,
Cinnyris,reichenowi,preussi,NHMUK,Natural History Museum of the United Kingdom,1966.16.2461,Mt. Oku,Mt Oku,Cameroon,Male,Adult,57,41,17,,,17,Measurements from tag
Cinnyris,reichenowi,preussi,NHMUK,Natural History Museum of the United Kingdom,1966.16.2461,Mt. Oku,Mt Oku,Cameroon,Male,Adult,58,44,16.54,2.81,4.77,14.03,
Cinnyris,reichenowi,preussi,NHMUK,Natural History Museum of the United Kingdom,1966.16.2463,Mt. Oku,Mt Oku,Cameroon,Male,Adult,62,46,16.4,2.85,4.85,13.8,
Cinnyris,reichenowi,preussi,NHMUK,Natural History Museum of the United Kingdom,1966.16.2464,Mt. Oku,Mt Oku,Cameroon,Male,Adult,58,46,17.19,2.64,5.12,15.43,
Cinnyris,reichenowi,preussi,NHMUK,Natural History Museum of the United Kingdom,1966.16.2469,Mt. Cameroon,Mt Cameroon,Cameroon,Male,Adult,57,39,19,,,18,Measurements from tag
Cinnyris,reichenowi,preussi,NHMUK,Natural History Museum of the United Kingdom,1966.16.2469,Mt. Cameroon,Mt Cameroon,Cameroon,Male,Adult,59,41,20.32,3.22,5.63,13.57,
Cinnyris,reichenowi,preussi,NHMUK,Natural History Museum of the United Kingdom,1966.16.2470,Mt. Cameroon,Mt Cameroon,Cameroon,Male,Adult,58,47,18.73,3.22,4.65,15.21,
Cinnyris,reichenowi,preussi,NHMUK,Natural History Museum of the United Kingdom,1966.16.2477,Mt. Cameroon,Mt Cameroon,Cameroon,Male,Adult,57,42,18.27,2.97,5.07,13.37,
Cinnyris,reichenowi,preussi,NHMUK,Natural History Museum of the United Kingdom,1966.16.2480,Mt. Cameroon,Mt Cameroon,Cameroon,Male,Adult,57,42,19.91,3,5.41,12.66,
Cinnyris,reichenowi,preussi,NHMUK,Natural History Museum of the United Kingdom,1966.16.2481,Mt. Cameroon,Mt Cameroon,Cameroon,Male,Adult,61,46,18.71,2.9,4.86,11.82,
Cinnyris,reichenowi,preussi,NHMUK,Natural History Museum of the United Kingdom,1966.16.2482,Mt. Cameroon,Mt Cameroon,Cameroon,Male,Adult,60,44,19.56,2.89,4.6,14.85,
Cinnyris,reichenowi,preussi,NHMUK,Natural History Museum of the United Kingdom,1966.16.2484,Mt. Cameroon,Mt Cameroon,Cameroon,Male,Adult,59,46,19.45,2.86,5.11,13.64,
Cinnyris,reichenowi,preussi,NHMUK,Natural History Museum of the United Kingdom,1966.16.2485,Mt. Cameroon,Mt Cameroon,Cameroon,Male,Adult,57,38,18.81,2.86,5.57,14.43,
Cinnyris,reichenowi,preussi,NHMUK,Natural History Museum of the United Kingdom,1966.16.2486,Mt. Cameroon,Mt Cameroon,Cameroon,Male,Adult,60,44,18.74,3.08,5,13.06,Left leg
Cinnyris,reichenowi,preussi,NHMUK,Natural History Museum of the United Kingdom,1966.16.2489,Mt. Cameroon,Mt Cameroon,Cameroon,Male,Adult,61,46,19.08,3.02,4.84,14.08,
Cinnyris,reichenowi,preussi,NHMUK,Natural History Museum of the United Kingdom,1966.16.2490,Mt. Cameroon,Mt Cameroon,Cameroon,Male,Adult,60,45,18.01,2.93,4.13,15.15,
Cinnyris,reichenowi,preussi,NHMUK,Natural History Museum of the United Kingdom,1966.16.2491,Mt. Cameroon,Mt Cameroon,Cameroon,Male,Adult,59,47,18.34,2.9,5.12,13.7,
Cinnyris,reichenowi,preussi,NHMUK,Natural History Museum of the United Kingdom,1966.16.2493,Mt. Cameroon,Mt Cameroon,Cameroon,Male,Adult,57,41,17.58,3.11,5.22,14.25,
Cinnyris,reichenowi,preussi,NHMUK,Natural History Museum of the United Kingdom,1966.16.2495,Mt. Cameroon,Mt Cameroon,Cameroon,Male,Adult,60,44,18.91,3.04,5.26,14.12,
Cinnyris,reichenowi,preussi,NHMUK,Natural History Museum of the United Kingdom,1966.16.2501,Mt. Cameroon,Mt Cameroon,Cameroon,Male,Adult,58,43,18.48,2.66,4.97,13.58,
Cinnyris,reichenowi,preussi,NHMUK,Natural History Museum of the United Kingdom,1966.16.2506,Mt. Cameroon,Mt Cameroon,Cameroon,Male,Adult,61,45,18.2,3.06,4.94,14.91,
Cinnyris,reichenowi,preussi,NHMUK,Natural History Museum of the United Kingdom,1966.16.2507,Mt. Cameroon,Mt Cameroon,Cameroon,Male,Adult,60,45,20.44,3.15,4.87,14.07,
Cinnyris,reichenowi,preussi,NHMUK,Natural History Museum of the United Kingdom,1966.16.2508,Mt. Cameroon,Mt Cameroon,Cameroon,Male,Adult,57,39,18.37,2.9,5.1,14.01,
Cinnyris,reichenowi,preussi,NHMUK,Natural History Museum of the United Kingdom,1966.16.2509,Mt. Cameroon,Mt Cameroon,Cameroon,Male,Adult,58,42,17.83,2.9,4.7,15.22,
Cinnyris,reichenowi,preussi,NHMUK,Natural History Museum of the United Kingdom,1966.16.2511,Mt. Cameroon,Mt Cameroon,Cameroon,Male,Adult,58,42,18.37,2.93,4.7,13.99,
Cinnyris,reichenowi,preussi,NHMUK,Natural History Museum of the United Kingdom,1966.16.2513,Mt. Cameroon,Mt Cameroon,Cameroon,Male,Adult,59,45,18.21,3.02,4.76,14.81,
Cinnyris,reichenowi,preussi,NHMUK,Natural History Museum of the United Kingdom,1966.16.2404,Obudu Plateau,Obudu Plateau,Nigeria,Male,Adult,57,46,15.97,2.62,4.94,13.52,
Cinnyris,reichenowi,reichenowi,NHMUK,Natural History Museum of the United Kingdom,1976.9.44,Kidepo Valley NP,Kidepo,Kenya,Female,Adult,46,31,12.71,2.39,3.38,12.58,
Cinnyris,reichenowi,reichenowi,NHMUK,Natural History Museum of the United Kingdom,1906.12.23.682,Rwenzori Mts.,Rwenzori Mts,Uganda,Female,Adult,52,35,13.94,2.65,4.51,11.58,
Cinnyris,reichenowi,reichenowi,NHMUK,Natural History Museum of the United Kingdom,1906.12.23.683,Rwenzori Mts.,Rwenzori Mts,Uganda,Female,Adult,50,35,13.24,2.54,4.47,11.98,
Cinnyris,reichenowi,reichenowi,NHMUK,Natural History Museum of the United Kingdom,1906.12.23.684,Rwenzori Mts.,Rwenzori Mts,Uganda,Female,Adult,51,36,13.12,2.71,4.28,11.2,
Cinnyris,reichenowi,reichenowi,NHMUK,Natural History Museum of the United Kingdom,1906.12.23.686,Rwenzori Mts.,Rwenzori Mts,Uganda,Female,Adult,52,34,13.3,2.64,3.93,11.9,
Cinnyris,reichenowi,reichenowi,NHMUK,Natural History Museum of the United Kingdom,1901.2.22.941,Waso Nanyuki River,Waso Nanyuki River,Kenya,Male,Adult,56,36,13.8,3,4.1,12.95,
Cinnyris,reichenowi,reichenowi,NHMUK,Natural History Museum of the United Kingdom,1935.5.13.169,Kapenguria,Kapenguria,Kenya,Male,Adult,55,42,13.63,2.64,4.33,11.28,Left leg
Cinnyris,reichenowi,reichenowi,NHMUK,Natural History Museum of the United Kingdom,1976.9.46,Kidepo Valley NP,Kidepo,Kenya,Male,Adult,52,37,13.89,2.66,4.07,12.36,
Cinnyris,reichenowi,reichenowi,NHMUK,Natural History Museum of the United Kingdom,1939.10.1.47,Didinga Mts.,Didinga Mts,Sudan,Male,Adult,54,37,16.35,2.88,4.05,12.41,
Cinnyris,reichenowi,reichenowi,NHMUK,Natural History Museum of the United Kingdom,1939.10.1.656,Imatong Mts.,Imatong Mts,Sudan,Male,Adult,54,40,14.62,2.92,4.45,13.6,
Cinnyris,reichenowi,reichenowi,NHMUK,Natural History Museum of the United Kingdom,1939.10.1.659,Imatong Mts.,Imatong Mts,Sudan,Male,Adult,53,36,14.28,2.75,4.25,13.25,
Cinnyris,reichenowi,reichenowi,NHMUK,Natural History Museum of the United Kingdom,1939.10.12.49,Didinga Mts.,Didinga Mts,Sudan,Male,Adult,55,42,13.67,3.14,4.42,11.79,
Cinnyris,reichenowi,reichenowi,NHMUK,Natural History Museum of the United Kingdom,1939.10.2.46,Didinga Mts.,Didinga Mts,Sudan,Male,Adult,55,43,13.84,2.78,4.3,13.32,
Cinnyris,reichenowi,reichenowi,NHMUK,Natural History Museum of the United Kingdom,1939.10.3.257,Didinga Mts.,Didinga Mts,Sudan,Male,Adult,54,37,13.11,3,4.38,12.5,
Cinnyris,reichenowi,reichenowi,NHMUK,Natural History Museum of the United Kingdom,1939.10.3.258,Imatong Mts.,Imatong Mts,Sudan,Male,Adult,56,41,13.46,3.06,4.52,12.04,
Cinnyris,reichenowi,reichenowi,NHMUK,Natural History Museum of the United Kingdom,1939.10.3.259,Imatong Mts.,Imatong Mts,Sudan,Male,Adult,54,40,14.54,3,4.38,13.52,
Cinnyris,reichenowi,reichenowi,NHMUK,Natural History Museum of the United Kingdom,1946.6.5,Didinga Mts.,Didinga Mts,Sudan,Male,Adult,56,40,14.85,2.69,4.31,,
Cinnyris,reichenowi,reichenowi,NHMUK,Natural History Museum of the United Kingdom,1947.100.303,Didinga Mts.,Didinga Mts,Sudan,Male,Adult,54,41,13.43,2.85,4.23,11.66,
Cinnyris,reichenowi,reichenowi,NHMUK,Natural History Museum of the United Kingdom,1947.100.304,Didinga Mts.,Didinga Mts,Sudan,Male,Adult,53,44,15.41,3.21,4.35,13.63,
Cinnyris,reichenowi,reichenowi,NHMUK,Natural History Museum of the United Kingdom,1947.100.306,Imatong Mts.,Imatong Mts,Sudan,Male,Adult,59,42,14.7,2.89,4.16,11.78,
Cinnyris,reichenowi,reichenowi,NHMUK,Natural History Museum of the United Kingdom,1901.2.22.919,Fort Smith,Fort Smith,Uganda,Male,Adult,55,43,16.44,2.81,4.88,12.42,Left leg
Cinnyris,reichenowi,reichenowi,NHMUK,Natural History Museum of the United Kingdom,1904.11.20.332,Rwenzori Mts.,Rwenzori Mts,Uganda,Male,Adult,56,43,13.6,2.89,3.7,12.65,
Cinnyris,reichenowi,reichenowi,NHMUK,Natural History Museum of the United Kingdom,1906.12.23.685,Rwenzori Mts.,Rwenzori Mts,Uganda,Male,Adult,51,37,12.62,2.73,4.7,12.25,
Cinnyris,reichenowi,reichenowi,NHMUK,Natural History Museum of the United Kingdom,1906.12.23.688,Rwenzori Mts.,Rwenzori Mts,Uganda,Male,Adult,56,41,14.45,2.5,4.27,13.3,
Cinnyris,reichenowi,reichenowi,NHMUK,Natural History Museum of the United Kingdom,1906.12.23.689,Rwenzori Mts.,Rwenzori Mts,Uganda,Male,Adult,56,37,14.52,2.63,4.46,12.73,
Cinnyris,reichenowi,reichenowi,NHMUK,Natural History Museum of the United Kingdom,1906.12.23.690,Rwenzori Mts.,Rwenzori Mts,Uganda,Male,Adult,57,42,14.62,3.04,4.54,12.15,
Cinnyris,reichenowi,reichenowi,NHMUK,Natural History Museum of the United Kingdom,1906.12.23.x.2200,Rwenzori Mts.,Rwenzori Mts,Uganda,Male,Adult,56,43,14.06,3.15,4.59,12.3,
Cinnyris,reichenowi,reichenowi,NHMUK,Natural History Museum of the United Kingdom,1910.12.26.405,Mt. Elgon,Mt Elgon,Uganda,Male,Adult,55,45,14.63,2.97,4.34,12.61,
Cinnyris,reichenowi,reichenowi,NHMUK,Natural History Museum of the United Kingdom,1910.12.26.406,Mt. Elgon,Mt Elgon,Uganda,Male,Adult,53,40,15.27,2.64,4.42,11.97,Left leg
Cinnyris,reichenowi,reichenowi,NHMUK,Natural History Museum of the United Kingdom,1934.1.17.32,Kigezi,Kigezi,Uganda,Male,Adult,55,43,13.25,2.88,3.64,11.9,
Cinnyris,reichenowi,genderuensis,RMCA,Royal Museum for Central Africa,75-3-A-462,Tello,Adamawa,Cameroon,Female,Adult,52,34,14.3,2.42,4.41,11.86,Left leg
Cinnyris,reichenowi,genderuensis,RMCA,Royal Museum for Central Africa,75-3-A-532,Tello,Adamawa,Cameroon,Female,Adult,51,34,14.99,3.02,4.36,12.19,
Cinnyris,reichenowi,genderuensis,RMCA,Royal Museum for Central Africa,75-3-A-704,Tello,Adamawa,Cameroon,Female,Adult,50,32,14.92,2.56,4.06,11.96,
Cinnyris,reichenowi,genderuensis,RMCA,Royal Museum for Central Africa,75-3-A-438,Tello,Adamawa,Cameroon,Male,Adult,57,42,16.49,2.87,4.43,14.31,Left leg
Cinnyris,reichenowi,genderuensis,RMCA,Royal Museum for Central Africa,75-3-A-451,Tello,Adamawa,Cameroon,Male,Adult,57,43,14.84,2.82,4.36,13.56,
Cinnyris,reichenowi,genderuensis,RMCA,Royal Museum for Central Africa,75-3-A-522,Tello,Adamawa,Cameroon,Male,Adult,56,37,14.89,2.85,4.33,14.51,
Cinnyris,reichenowi,genderuensis,RMCA,Royal Museum for Central Africa,75-3-A-660,Tello,Adamawa,Cameroon,Male,Adult,55,40,14.54,2.42,3.9,12.01,
Cinnyris,reichenowi,genderuensis,RMCA,Royal Museum for Central Africa,75-3-A-727,Tello,Adamawa,Cameroon,Male,Adult,53,41,14.48,2.47,4.4,12.75,Left leg
Cinnyris,reichenowi,reichenowi,RMCA,Royal Museum for Central Africa,83152,Bururi,Nyungwe,Burundi,Female,Adult,,,,,,,Not measured
Cinnyris,reichenowi,reichenowi,RMCA,Royal Museum for Central Africa,3005,Rwenzori Mts.,Rwenzori Mts,DRC,Female,Adult,50,33,13.72,2.87,4.27,13.41,
Cinnyris,reichenowi,reichenowi,RMCA,Royal Museum for Central Africa,42169,Nioka,Nioka,DRC,Female,Adult,50,33,13.8,2.43,4.5,12.12,
Cinnyris,reichenowi,reichenowi,RMCA,Royal Museum for Central Africa,42823,Nioka,Nioka,DRC,Female,Adult,48,33,13.32,2.72,3.72,11.66,
Cinnyris,reichenowi,reichenowi,RMCA,Royal Museum for Central Africa,78839,Mt. Kabobo,Mt Kabobo,DRC,Female,Adult,52,39,14.09,2.41,3.7,12.46,
Cinnyris,reichenowi,reichenowi,RMCA,Royal Museum for Central Africa,98858,Rwenzori Mts.,Rwenzori Mts,DRC,Female,Adult,51,35,13.72,2.76,4,11.81,
Cinnyris,reichenowi,reichenowi,RMCA,Royal Museum for Central Africa,98859,Rwenzori Mts.,Rwenzori Mts,DRC,Female,Adult,52,35,16.69,2.69,4.38,10.85,
Cinnyris,reichenowi,reichenowi,RMCA,Royal Museum for Central Africa,98860,Rwenzori Mts.,Rwenzori Mts,DRC,Female,Adult,49,37,15.82,2.73,4.09,11.09,
Cinnyris,reichenowi,reichenowi,RMCA,Royal Museum for Central Africa,74-44-A-1178,Foret de Rugege,Nyungwe,Rwanda,Female,Adult,52,31,13.92,2.86,4.31,14,
Cinnyris,reichenowi,reichenowi,RMCA,Royal Museum for Central Africa,74-44-A-1198,Foret de Rugege,Nyungwe,Rwanda,Female,Adult,45,33,12.81,2.36,4.23,12.92,
Cinnyris,reichenowi,reichenowi,RMCA,Royal Museum for Central Africa,2994,Rwenzori Mts.,Rwenzori Mts,DRC,Male,Adult,57,42,12.35,2.59,3.91,12.17,
Cinnyris,reichenowi,reichenowi,RMCA,Royal Museum for Central Africa,2996,Rwenzori Mts.,Rwenzori Mts,DRC,Male,Adult,54,40,14.69,2.95,4.49,10.34,
Cinnyris,reichenowi,reichenowi,RMCA,Royal Museum for Central Africa,29581,Rwenzori Mts.,Rwenzori Mts,DRC,Male,Adult,56,42,13.28,2.83,4.04,13.26,
Cinnyris,reichenowi,reichenowi,RMCA,Royal Museum for Central Africa,29582,Rwenzori Mts.,Rwenzori Mts,DRC,Male,Adult,53,38,14.75,2.7,4.43,12.6,
Cinnyris,reichenowi,reichenowi,RMCA,Royal Museum for Central Africa,42122,Nioka,Nioka,DRC,Male,Adult,53,41,13.91,2.66,4.02,10.99,
Cinnyris,reichenowi,reichenowi,RMCA,Royal Museum for Central Africa,42123,Nioka,Nioka,DRC,Male,Adult,52,43,14.46,2.49,4.12,14.14,
Cinnyris,reichenowi,reichenowi,RMCA,Royal Museum for Central Africa,58633,Wago,Wago,DRC,Male,Adult,56,39,,2.65,4.63,13.54,Left leg
Cinnyris,reichenowi,reichenowi,RMCA,Royal Museum for Central Africa,63067,Ile Idjur (Lac Kivu),Idjwa Island,DRC,Male,Adult,55,40,13.96,,4.72,12.63,Hard to read Prigogine script
Cinnyris,reichenowi,reichenowi,RMCA,Royal Museum for Central Africa,63068,Ile Idjur (Lac Kivu),Idjwa Island,DRC,Male,Adult,53,41,14.08,2.73,4.24,12.64,
Cinnyris,reichenowi,reichenowi,RMCA,Royal Museum for Central Africa,73195,E Tembo (Ituri),Ituri,DRC,Male,Adult,62,39,13.07,2.7,4.08,12.25,
Cinnyris,reichenowi,reichenowi,RMCA,Royal Museum for Central Africa,73801,Mt. Kabobo,Mt Kabobo,DRC,Male,Adult,54,43,14.38,2.68,3.66,14.21,
Cinnyris,reichenowi,reichenowi,RMCA,Royal Museum for Central Africa,74354,Nioka,Nioka,DRC,Male,Adult,54,38,13.28,2.73,4.03,11.42,
Cinnyris,reichenowi,reichenowi,RMCA,Royal Museum for Central Africa,76958,Mt. Kabobo,Mt Kabobo,DRC,Male,Adult,55,40,13.75,2.4,4.41,13.04,
Cinnyris,reichenowi,reichenowi,RMCA,Royal Museum for Central Africa,98862,Rwenzori Mts.,Rwenzori Mts,DRC,Male,Adult,55,40,15.1,3.07,4.62,13.3,
Cinnyris,reichenowi,reichenowi,RMCA,Royal Museum for Central Africa,98863,Rwenzori Mts.,Rwenzori Mts,DRC,Male,Adult,55,42,14.85,2.98,4.89,11.38,
Cinnyris,reichenowi,reichenowi,RMCA,Royal Museum for Central Africa,76-66-A-1183,Mt. Aboro (Ituri),Ituri,DRC,Male,Adult,57,42,14.34,2.65,4.37,12.36,
Cinnyris,reichenowi,parvirostris,ZFMK,Zoologisches Forschungsmuseum Alexander Koenig,63.697,Bioko,Bioko,Equatorial Guinea,Female,Adult,52,35,15.53,2.66,4.54,12.8,
Cinnyris,reichenowi,parvirostris,ZFMK,Zoologisches Forschungsmuseum Alexander Koenig,63.962,Bioko,Bioko,Equatorial Guinea,Female,Adult,54,36,16.12,2.66,4.63,13.62,
Cinnyris,reichenowi,parvirostris,ZFMK,Zoologisches Forschungsmuseum Alexander Koenig,63.963,Bioko,Bioko,Equatorial Guinea,Female,Adult,54,35,16.46,2.66,4.45,13.32,
Cinnyris,reichenowi,parvirostris,ZFMK,Zoologisches Forschungsmuseum Alexander Koenig,63.964,Bioko,Bioko,Equatorial Guinea,Female,Immature,51,30,,,,,
Cinnyris,reichenowi,parvirostris,ZFMK,Zoologisches Forschungsmuseum Alexander Koenig,63.965,Bioko,Bioko,Equatorial Guinea,Female,Adult,51,33,16.89,3.14,4.56,13.57,
Cinnyris,reichenowi,parvirostris,ZFMK,Zoologisches Forschungsmuseum Alexander Koenig,63.968,Bioko,Bioko,Equatorial Guinea,Female,Adult,52,34,15.62,2.64,4.72,13.33,
Cinnyris,reichenowi,parvirostris,ZFMK,Zoologisches Forschungsmuseum Alexander Koenig,63.949,Bioko,Bioko,Equatorial Guinea,Male,Adult,56,38,17.36,2.87,5.08,14.59,
Cinnyris,reichenowi,parvirostris,ZFMK,Zoologisches Forschungsmuseum Alexander Koenig,63.95,Bioko,Bioko,Equatorial Guinea,Male,Adult,57,39,17.55,2.97,5.1,15.07,Specimen number ends in 0
Cinnyris,reichenowi,parvirostris,ZFMK,Zoologisches Forschungsmuseum Alexander Koenig,63.951,Bioko,Bioko,Equatorial Guinea,Male,Adult,54,38,17.36,2.87,4.73,14.22,
Cinnyris,reichenowi,parvirostris,ZFMK,Zoologisches Forschungsmuseum Alexander Koenig,63.952,Bioko,Bioko,Equatorial Guinea,Male,Adult,55,39,17.51,3.02,5.19,16.2,
Cinnyris,reichenowi,parvirostris,ZFMK,Zoologisches Forschungsmuseum Alexander Koenig,63.953,Bioko,Bioko,Equatorial Guinea,Male,Adult,57,44,17.5,2.98,4.9,13.95,
Cinnyris,reichenowi,parvirostris,ZFMK,Zoologisches Forschungsmuseum Alexander Koenig,63.954,Bioko,Bioko,Equatorial Guinea,Male,Adult,59,44,,2.94,4.71,14.59,
Cinnyris,reichenowi,parvirostris,ZFMK,Zoologisches Forschungsmuseum Alexander Koenig,63.955,Bioko,Bioko,Equatorial Guinea,Male,Adult,59,45,17.02,2.95,5.09,14.5,
Cinnyris,reichenowi,parvirostris,ZFMK,Zoologisches Forschungsmuseum Alexander Koenig,63.956,Bioko,Bioko,Equatorial Guinea,Male,Adult,57,40,16.73,2.83,4.85,14.34,
Cinnyris,reichenowi,parvirostris,ZFMK,Zoologisches Forschungsmuseum Alexander Koenig,63.957,Bioko,Bioko,Equatorial Guinea,Male,Adult,57,42,17.5,3.02,5.13,14.68,
Cinnyris,reichenowi,parvirostris,ZFMK,Zoologisches Forschungsmuseum Alexander Koenig,63.958,Bioko,Bioko,Equatorial Guinea,Male,Adult,57,42,16.32,3.12,4.97,14.96,
Cinnyris,reichenowi,parvirostris,ZFMK,Zoologisches Forschungsmuseum Alexander Koenig,63.959,Bioko,Bioko,Equatorial Guinea,Male,Adult,56,41,16.74,2.66,5.09,14.1,
Cinnyris,reichenowi,parvirostris,ZFMK,Zoologisches Forschungsmuseum Alexander Koenig,63.96,Bioko,Bioko,Equatorial Guinea,Male,Adult,58,46,16.76,3.19,4.76,12.66,Specimen number ends in 0
Cinnyris,reichenowi,parvirostris,ZFMK,Zoologisches Forschungsmuseum Alexander Koenig,63.961,Bioko,Bioko,Equatorial Guinea,Male,Adult,59,41,17.28,2.86,4.75,13.89,
Cinnyris,reichenowi,parvirostris,ZFMK,Zoologisches Forschungsmuseum Alexander Koenig,68.1163,Bioko,Bioko,Equatorial Guinea,Male,Adult,58,44,16.94,2.91,4.94,15.5,
Cinnyris,reichenowi,parvirostris,ZFMK,Zoologisches Forschungsmuseum Alexander Koenig,68.1164,Bioko,Bioko,Equatorial Guinea,Male,Adult,58,46,16.65,2.91,5.07,15.37,
Cinnyris,reichenowi,parvirostris,ZFMK,Zoologisches Forschungsmuseum Alexander Koenig,68.1165,Bioko,Bioko,Equatorial Guinea,Male,Adult,58,46,17.25,,4.91,14.61,
Cinnyris,reichenowi,parvirostris,ZFMK,Zoologisches Forschungsmuseum Alexander Koenig,68.1166,Bioko,Bioko,Equatorial Guinea,Male,Adult,57,43,17.38,3.09,4.56,14.85,
Cinnyris,reichenowi,preussi,ZFMK,Zoologisches Forschungsmuseum Alexander Koenig,68.1157,Mt. Kupe,Mt Kupe,Cameroon,Femae,Adult,52,35,15.63,2.92,4.51,14.99,
Cinnyris,reichenowi,preussi,ZFMK,Zoologisches Forschungsmuseum Alexander Koenig,65.1159,Mt. Oku,Mt Oku,Cameroon,Female,Adult,51,38,18.22,3.09,4.88,13.38,
Cinnyris,reichenowi,preussi,ZFMK,Zoologisches Forschungsmuseum Alexander Koenig,67.1072,Mt. Cameroon,Mt Cameroon,Cameroon,Female,Adult,56,43,17.6,2.81,5.23,14.54,Left leg
Cinnyris,reichenowi,preussi,ZFMK,Zoologisches Forschungsmuseum Alexander Koenig,67.1073,Mt. Cameroon,Mt Cameroon,Cameroon,Female,Adult,56,39,16.61,2.94,5.07,13.73,
Cinnyris,reichenowi,preussi,ZFMK,Zoologisches Forschungsmuseum Alexander Koenig,68.1158,Mt. Manengouba,Mt Manengouba,Cameroon,Female,Adult,52,32,14.45,2.71,4.44,13.67,
Cinnyris,reichenowi,preussi,ZFMK,Zoologisches Forschungsmuseum Alexander Koenig,68.116,Banso-Gebriet,Bamenda Highlands,Cameroon,Female,Adult,54,37,15.57,2.93,4.51,13.31,Specimen number ends in 0
Cinnyris,reichenowi,preussi,ZFMK,Zoologisches Forschungsmuseum Alexander Koenig,68.1161,Mt. Oku,Mt Oku,Cameroon,Female,Adult,52,37,15.57,2.77,4.54,12.53,
Cinnyris,reichenowi,preussi,ZFMK,Zoologisches Forschungsmuseum Alexander Koenig,68.1162,Bambui near Bamenda,Bamenda Highlands,Cameroon,Female,Adult,53,32,14.68,3.01,4.83,12.79,
Cinnyris,reichenowi,preussi,ZFMK,Zoologisches Forschungsmuseum Alexander Koenig,83.67,Mt. Cameroon,Mt Cameroon,Cameroon,Female,Adult,57,36,17.94,3.24,5.24,15.39,
Cinnyris,reichenowi,preussi,ZFMK,Zoologisches Forschungsmuseum Alexander Koenig,61.1068,Mt. Cameroon,Mt Cameroon,Cameroon,Male,Adult,60,44,19.65,3.05,5.28,16.49,
Cinnyris,reichenowi,preussi,ZFMK,Zoologisches Forschungsmuseum Alexander Koenig,61.1069,Mt. Cameroon,Mt Cameroon,Cameroon,Male,Adult,59,44,17.69,2.88,5.69,15.47,
Cinnyris,reichenowi,preussi,ZFMK,Zoologisches Forschungsmuseum Alexander Koenig,61.1070`,Mt. Cameroon,Mt Cameroon,Cameroon,Male,Adult,60,44,18.75,3.01,5.32,14.02,Specimen number ends in 0
Cinnyris,reichenowi,preussi,ZFMK,Zoologisches Forschungsmuseum Alexander Koenig,61.1071,Mt. Cameroon,Mt Cameroon,Cameroon,Male,Adult,60,42,19.79,3,5.66,15.96,
Cinnyris,reichenowi,preussi,ZFMK,Zoologisches Forschungsmuseum Alexander Koenig,68.1137,Mt. Manengouba,Mt Manengouba,Cameroon,Male,Adult,58,39,18.51,2.65,5.24,15.16,
Cinnyris,reichenowi,preussi,ZFMK,Zoologisches Forschungsmuseum Alexander Koenig,68.1138,Mt. Manengouba,Mt Manengouba,Cameroon,Male,Adult,60,44,,,4.61,15.44,Left leg
Cinnyris,reichenowi,preussi,ZFMK,Zoologisches Forschungsmuseum Alexander Koenig,68.1139,Mt. Manengouba,Mt Manengouba,Cameroon,Male,Adult,60,40,17.6,3.11,4.96,14.89,
Cinnyris,reichenowi,preussi,ZFMK,Zoologisches Forschungsmuseum Alexander Koenig,68.1140`,Mt. Manengouba,Mt Manengouba,Cameroon,Male,Adult,60,45,17.08,3.07,4.88,13.71,
Cinnyris,reichenowi,preussi,ZFMK,Zoologisches Forschungsmuseum Alexander Koenig,68.1141,Mt. Manengouba,Mt Manengouba,Cameroon,Male,Adult,58,43,17.24,3.11,5.01,13.86,
Cinnyris,reichenowi,preussi,ZFMK,Zoologisches Forschungsmuseum Alexander Koenig,68.1142,Mt. Manengouba,Mt Manengouba,Cameroon,Male,Adult,57,43,17.19,3.05,4.7,13.33,
Cinnyris,reichenowi,preussi,ZFMK,Zoologisches Forschungsmuseum Alexander Koenig,68.1143,Mt. Oku,Mt Oku,Cameroon,Male,Adult,57,43,17.57,2.86,4.69,14.68,
Cinnyris,reichenowi,preussi,ZFMK,Zoologisches Forschungsmuseum Alexander Koenig,68.1144,Mt. Oku,Mt Oku,Cameroon,Male,Adult,57,44,16.74,3,4.74,14.49,
Cinnyris,reichenowi,preussi,ZFMK,Zoologisches Forschungsmuseum Alexander Koenig,68.1145,Mt. Oku,Mt Oku,Cameroon,Male,Adult,59,43,19.26,3.27,5.12,14.42,
Cinnyris,reichenowi,preussi,ZFMK,Zoologisches Forschungsmuseum Alexander Koenig,68.1146,Mt. Oku,Mt Oku,Cameroon,Male,Adult,58,42,17.26,2.84,4.96,14.18,
Cinnyris,reichenowi,preussi,ZFMK,Zoologisches Forschungsmuseum Alexander Koenig,68.1147,Mt. Oku,Mt Oku,Cameroon,Male,Adult,60,46,17.93,,4.65,15.89,
Cinnyris,reichenowi,preussi,ZFMK,Zoologisches Forschungsmuseum Alexander Koenig,68.1148,Mt. Oku,Mt Oku,Cameroon,Male,Adult,57,41,18.25,2.93,4.61,14.05,
Cinnyris,reichenowi,preussi,ZFMK,Zoologisches Forschungsmuseum Alexander Koenig,68.1149,Mt. Oku,Mt Oku,Cameroon,Male,Adult,60,46,18,2.88,4.74,15.81,
Cinnyris,reichenowi,preussi,ZFMK,Zoologisches Forschungsmuseum Alexander Koenig,68.115,Mt. Oku,Mt Oku,Cameroon,Male,Adult,60,42,17.04,2.96,4.97,14.31,
Cinnyris,reichenowi,preussi,ZFMK,Zoologisches Forschungsmuseum Alexander Koenig,68.1151,Mt. Oku,Mt Oku,Cameroon,Male,Adult,57,44,17.57,3.01,4.94,14.56,
Cinnyris,reichenowi,preussi,ZFMK,Zoologisches Forschungsmuseum Alexander Koenig,68.1152,Mt. Oku,Mt Oku,Cameroon,Male,Adult,57,44,17.51,2.93,4.92,13.37,
Cinnyris,reichenowi,preussi,ZFMK,Zoologisches Forschungsmuseum Alexander Koenig,68.1153,Mt. Oku,Mt Oku,Cameroon,Male,Adult,59,48,17.05,2.77,4.61,15.1,
Cinnyris,reichenowi,preussi,ZFMK,Zoologisches Forschungsmuseum Alexander Koenig,68.1154,Mt. Oku,Mt Oku,Cameroon,Male,Adult,61,42,17.63,2.97,4.92,14.57,
Cinnyris,reichenowi,preussi,ZFMK,Zoologisches Forschungsmuseum Alexander Koenig,68.1155,Mt. Oku,Mt Oku,Cameroon,Male,Adult,60,41,17.26,2.8,4.79,14.38,
Cinnyris,reichenowi,preussi,ZFMK,Zoologisches Forschungsmuseum Alexander Koenig,68.1156,Bambui near Bamenda,Bamenda Highlands,Cameroon,Male,Adult,59,43,16.33,3.55,5.17,13.62,
Cinnyris,reichenowi,preussi,ZFMK,Zoologisches Forschungsmuseum Alexander Koenig,68.1167,Mt. Cameroon,Mt Cameroon,Cameroon,Male,Adult,58,41,18.68,3.09,4.92,15.61,
Cinnyris,reichenowi,preussi,ZFMK,Zoologisches Forschungsmuseum Alexander Koenig,68.1168,Mt. Cameroon,Mt Cameroon,Cameroon,Male,Adult,60,40,17.94,2.92,4.58,14.45,
Cinnyris,reichenowi,preussi,ZFMK,Zoologisches Forschungsmuseum Alexander Koenig,74.226,Bambui near Bamenda,Bamenda Highlands,Cameroon,Male,Adult,59,43,17.16,2.79,4.65,12.98,
Cinnyris,reichenowi,preussi,ZFMK,Zoologisches Forschungsmuseum Alexander Koenig,74.227,Bambui near Bamenda,Bamenda Highlands,Cameroon,Male,Adult,61,42,17.34,2.77,4.59,13.64,
Cinnyris,reichenowi,preussi,ZFMK,Zoologisches Forschungsmuseum Alexander Koenig,74.228,Bambui near Bamenda,Bamenda Highlands,Cameroon,Male,Adult,59,42,15.83,2.85,4.78,12.56,
Cinnyris,reichenowi,reichenowi,ZFMK,Zoologisches Forschungsmuseum Alexander Koenig,78.188,Imatong Mts.,Imatong Mts,South Sudan,Female,Adult,50,33,13.69,2.58,4.5,12.06,
Cinnyris,reichenowi,reichenowi,ZFMK,Zoologisches Forschungsmuseum Alexander Koenig,78.189,Imatong Mts.,Imatong Mts,South Sudan,Female,Adult,51,35,14.87,2.56,4.45,11.86,
Cinnyris,reichenowi,reichenowi,ZFMK,Zoologisches Forschungsmuseum Alexander Koenig,66.958,Lwiro,Lwiro,DRC,Male,Adult,54,37,14.11,2.95,4.4,11.53,
Cinnyris,reichenowi,reichenowi,ZFMK,Zoologisches Forschungsmuseum Alexander Koenig,26.8.68,Lwiro; Sumpfant Pennisetum,Lwiro,DRC,Male,Adult,53,37,14.4,2.87,4.42,12.89,
Cinnyris,reichenowi,reichenowi,ZFMK,Zoologisches Forschungsmuseum Alexander Koenig,6.9.68,Lwiro,Lwiro,DRC,Male,Adult,56,44,14.13,2.53,4.36,12.34,
Cinnyris,reichenowi,reichenowi,ZFMK,Zoologisches Forschungsmuseum Alexander Koenig,78.181,Imatong Mts.,Imatong Mts,South Sudan,Male,Adult,54,38,14.64,2.62,4.61,13.1,
Cinnyris,reichenowi,reichenowi,ZFMK,Zoologisches Forschungsmuseum Alexander Koenig,78.182,Imatong Mts.,Imatong Mts,South Sudan,Male,Adult,53,37,14.48,2.51,4.46,11.86,
Cinnyris,reichenowi,reichenowi,ZFMK,Zoologisches Forschungsmuseum Alexander Koenig,78.183,Imatong Mts.,Imatong Mts,South Sudan,Male,Adult,55,42,14.4,2.54,4.45,12.96,
Cinnyris,reichenowi,reichenowi,ZFMK,Zoologisches Forschungsmuseum Alexander Koenig,78.184,Nugishot,Nugishot,Sudan,Male,Adult,53,41,14.87,2.66,4.4,12.99,
Cinnyris,reichenowi,genderuensis,ZMB,Museum für Naturkunde,49/252,Genderu Mts,Genderu,Cameroon,Male,Adult,61,42,15.09,1.87,4.29,13.37,TYPE GENDERUENSIS
Cinnyris,reichenowi,genderuensis,ZMB,Museum für Naturkunde,75/78,Genderu Mts,Genderu,Cameroon,Male,Adult,57,37,,,,13.7,
Cinnyris,reichenowi,genderuensis,ZMB,Museum für Naturkunde,75/80,Yaounde,Yaounde,Cameroon,Male,Adult,56,38,15.97,2.85,4.76,13.19,
Cinnyris,reichenowi,genderuensis,ZMB,Museum für Naturkunde,75/99,Meiganga,Adamawa,Cameroon,Male,Adult,54,42,15.81,2.56,4.64,13.61,
Cinnyris,reichenowi,parvirostris,ZMB,Museum für Naturkunde,47/71,Pico Basile,Bioko,Equatorial Guinea,Male,Adult,57,42,17.15,2.7,5.01,11.65,
Cinnyris,reichenowi,preussi,ZMB,Museum für Naturkunde,75/87,Mt. Cameroon,Mt Cameroon,Cameroon,Female,Juvenile,,,,,,,Juvenile; unable to measure bill
Cinnyris,reichenowi,preussi,ZMB,Museum für Naturkunde,75/91,Mt. Cameroon,Mt Cameroon,Cameroon,Female,Adult,56,40,,3.28,5.31,13.88,
Cinnyris,reichenowi,preussi,ZMB,Museum für Naturkunde,29513,Mt. Cameroon,Mt Cameroon,Cameroon,Male,Adult,61,39,17.89,3.13,5.29,14.12,TYPE PREUSSI
Cinnyris,reichenowi,preussi,ZMB,Museum für Naturkunde,2000/16372,Mt. Cameroon,Mt Cameroon,Cameroon,Male,Adult,58,44,,,5.2,14.34,
Cinnyris,reichenowi,preussi,ZMB,Museum für Naturkunde,2000/16373,Mt. Cameroon,Mt Cameroon,Cameroon,Male,Adult,61,,,,4.74,13.54,
Cinnyris,reichenowi,preussi,ZMB,Museum für Naturkunde,2000/16375,Mt. Cameroon,Mt Cameroon,Cameroon,Male,Juvenile,,,,,,,Juvenile; unable to obtain many measurements due to condition
Cinnyris,reichenowi,preussi,ZMB,Museum für Naturkunde,55/465,Mt. Cameroon,Mt Cameroon,Cameroon,Male,Adult,57,44,18.17,3.11,4.7,13.01,
Cinnyris,reichenowi,preussi,ZMB,Museum für Naturkunde,55/466,Mt. Cameroon,Mt Cameroon,Cameroon,Male,Adult,58,45,,2.94,5.46,14.39,
Cinnyris,reichenowi,preussi,ZMB,Museum für Naturkunde,74/95,Mt. Cameroon,Mt Cameroon,Cameroon,Male,Adult,59,49,,3.17,4.95,13.83,
Cinnyris,reichenowi,preussi,ZMB,Museum für Naturkunde,75/77,Bamenda,Bamenda Highlands,Cameroon,Male,Adult,61,45,15.83,3.45,5.15,12.29,
Cinnyris,reichenowi,preussi,ZMB,Museum für Naturkunde,75/81,Bamessi,Bamenda Highlands,Cameroon,Male,Adult,59,43,16.11,2.94,4.39,14.11,
Cinnyris,reichenowi,preussi,ZMB,Museum für Naturkunde,75/82,Banso Mts.,Bamenda Highlands,Cameroon,Male,Adult,61,45,15.07,3.02,4.38,10.5,
Cinnyris,reichenowi,preussi,ZMB,Museum für Naturkunde,75/83,Mt. Cameroon,Mt Cameroon,Cameroon,Male,Immature,57,37,,2.83,5.26,12.58,
Cinnyris,reichenowi,preussi,ZMB,Museum für Naturkunde,75/84,Mt. Cameroon,Mt Cameroon,Cameroon,Male,Immature,56,39,,,4.56,12.74,
Cinnyris,reichenowi,preussi,ZMB,Museum für Naturkunde,75/88,Mt. Cameroon,Mt Cameroon,Cameroon,Male,Immature,56,37,,2.98,4.96,13.44,Unable to measure bill
Cinnyris,reichenowi,preussi,ZMB,Museum für Naturkunde,75/89,Mt. Cameroon,Mt Cameroon,Cameroon,Male,Immature,55,34,16.85,2.72,5.07,13.42,
Cinnyris,reichenowi,preussi,ZMB,Museum für Naturkunde,75/90,Mt. Cameroon,Mt Cameroon,Cameroon,Male,Immature,53,32,18.74,2.76,4.65,13.48,
Cinnyris,reichenowi,preussi,ZMB,Museum für Naturkunde,75/93,Mt. Cameroon,Mt Cameroon,Cameroon,Male,Immature,60,43,,3.22,5.19,13.9,
Cinnyris,reichenowi,preussi,ZMB,Museum für Naturkunde,75/95,Mt. Cameroon,Mt Cameroon,Cameroon,Male,Adult,57,42,18.01,3.34,5.03,11.92,
Cinnyris,reichenowi,preussi,ZMB,Museum für Naturkunde,75/96,Mt. Cameroon,Mt Cameroon,Cameroon,Male,Immature,55,36,18.41,2.89,4.92,,
Cinnyris,reichenowi,preussi,ZMB,Museum für Naturkunde,75/97,Mt. Cameroon,Mt Cameroon,Cameroon,Male,Immature,56,42,,2.89,4.76,13.65,
Cinnyris,reichenowi,preussi,ZMB,Museum für Naturkunde,75/98,Mt. Cameroon,Mt Cameroon,Cameroon,Male,Immature,56,38,17.46,2.98,4.94,13,
Cinnyris,reichenowi,preussi,ZMB,Museum für Naturkunde,75/85,Mt. Cameroon,Mt Cameroon,Cameroon,,Juvenile,,,,,,,
Cinnyris,reichenowi,preussi,ZMB,Museum für Naturkunde,75/86,Mt. Cameroon,Mt Cameroon,Cameroon,,Juvenile,,,,,,,
Cinnyris,reichenowi,preussi,ZMB,Museum für Naturkunde,75/92,Mt. Cameroon,Mt Cameroon,Cameroon,,,,,,,,,Unable to measure bill
Cinnyris,reichenowi,reichenowi,ZMB,Museum für Naturkunde,2000/12255,Nyiragongo,Nyiragongo,DRC,Female,Adult,57,42,15.72,2.78,4.56,12.21,
Cinnyris,reichenowi,reichenowi,ZMB,Museum für Naturkunde,2000/7958,Southern Kivu,Kivu Highlands,DRC,Male,Adult,55,39,,,,,
Cinnyris,reichenowi,reichenowi,ZMB,Museum für Naturkunde,2000/7983,Southern Kivu,Kivu Highlands,DRC,Male,Adult,52,40,13.12,,4.17,11.8,
Cinnyris,reichenowi,reichenowi,ZMB,Museum für Naturkunde,2000/7984,Southern Kivu,Kivu Highlands,DRC,Male,Adult,53,36,13.3,2.63,4.3,10.9,
Cinnyris,reichenowi,reichenowi,ZMB,Museum für Naturkunde,31769,Angata Anyuk,Angata Anyuk,Kenya,Male,Adult,55,38,13.15,2.9,4.46,12.19,
Cinnyris,reichenowi,Unknown,ZMB,Museum für Naturkunde,75/79,Bangwa,Bangwa Highlands,Cameroon,Male,Adult,55,40,14.82,2.57,4.55,12.74,
Cinnyris,reichenowi,Unknown,ZMB,Museum für Naturkunde,2000/7987,,Unknown,,Male,Adult,59,38,15.53,2.76,3.97,12.3,